Date,Store,Category,Region,Sales
2022-01-01,Store_1,Electronics,East,597.2510857274663
2022-01-01,Store_2,Clothing,East,708.0805121353593
2022-01-01,Store_2,Electronics,South,818.7136054132858
2022-01-01,Store_2,Grocery,South,734.2886844324195
2022-01-02,Store_1,Home & Furniture,North,811.0369435378998
2022-01-02,Store_1,Clothing,East,818.975975653832
2022-01-03,Store_3,Grocery,South,476.080248310552
2022-01-03,Store_3,Grocery,East,450.931386475117
2022-01-03,Store_1,Clothing,North,521.7211016355832
2022-01-03,Store_3,Clothing,North,507.55175870644285
2022-01-04,Store_3,Home & Furniture,East,465.7093901669595
2022-01-04,Store_1,Home & Furniture,East,490.4249853770018
2022-01-05,Store_2,Grocery,South,498.8369234409328
2022-01-05,Store_2,Grocery,West,548.3408728079792
2022-01-05,Store_3,Home & Furniture,South,534.6840250317983
2022-01-05,Store_3,Home & Furniture,North,587.7338428633782
2022-01-06,Store_2,Clothing,North,439.89351206027834
2022-01-06,Store_2,Electronics,West,393.9568024065359
2022-01-06,Store_1,Clothing,North,399.8237569121582
2022-01-07,Store_1,Clothing,North,581.7618059685622
2022-01-07,Store_3,Clothing,East,469.8878489553938
2022-01-08,Store_3,Clothing,North,749.306814788899
2022-01-08,Store_2,Electronics,West,758.3302677073889
2022-01-09,Store_1,Home & Furniture,West,708.1749079938529
2022-01-09,Store_3,Grocery,West,640.2861726368029
2022-01-09,Store_1,Clothing,West,670.8117597996762
2022-01-09,Store_1,Clothing,North,776.9390169726777
2022-01-10,Store_2,Clothing,North,557.9835395826132
2022-01-10,Store_2,Clothing,East,459.55760156333156
2022-01-10,Store_1,Clothing,East,596.9952838486106
2022-01-10,Store_3,Clothing,West,522.2159201755129
2022-01-11,Store_1,Home & Furniture,North,460.40072821705087
2022-01-11,Store_3,Clothing,North,609.9279412187162
2022-01-11,Store_3,Clothing,North,539.1653684536208
2022-01-11,Store_2,Grocery,North,472.9658537371938
2022-01-12,Store_1,Electronics,South,500.88033648696097
2022-01-12,Store_2,Grocery,East,422.4269602250108
2022-01-12,Store_2,Clothing,West,522.7130986746026
2022-01-13,Store_1,Clothing,South,488.22005509064485
2022-01-13,Store_1,Home & Furniture,North,518.1713308730116
2022-01-14,Store_3,Electronics,South,478.1101568363041
2022-01-14,Store_1,Electronics,East,507.2030956306681
2022-01-15,Store_2,Home & Furniture,West,763.4972346896935
2022-01-15,Store_1,Home & Furniture,North,699.1215222616978
2022-01-15,Store_2,Clothing,South,714.7815893689835
2022-01-16,Store_1,Electronics,North,717.8619706180109
2022-01-16,Store_3,Electronics,West,714.0138036755669
2022-01-16,Store_1,Electronics,East,756.5789638035193
2022-01-16,Store_2,Home & Furniture,South,755.8634774818821
2022-01-17,Store_3,Clothing,West,715.6621823324007
2022-01-17,Store_1,Home & Furniture,South,620.9790423395655
2022-01-17,Store_2,Grocery,East,484.9454901925426
2022-01-17,Store_1,Home & Furniture,East,598.69038516585
2022-01-18,Store_1,Clothing,West,604.4633402306526
2022-01-18,Store_2,Clothing,East,473.2440610450826
2022-01-18,Store_3,Home & Furniture,West,506.400119817636
2022-01-19,Store_3,Grocery,West,607.1608149290381
2022-01-19,Store_1,Clothing,West,491.07865783757063
2022-01-19,Store_3,Grocery,South,497.2474209974237
2022-01-19,Store_3,Clothing,West,618.4288175850409
2022-01-20,Store_1,Grocery,North,568.5472919001467
2022-01-20,Store_2,Home & Furniture,North,597.72614727667
2022-01-20,Store_1,Electronics,East,588.2952034586965
2022-01-21,Store_3,Home & Furniture,West,633.2810541774592
2022-01-21,Store_3,Electronics,West,644.38856169232
2022-01-21,Store_2,Home & Furniture,West,552.5974279913254
2022-01-21,Store_1,Clothing,North,422.75098946213575
2022-01-22,Store_2,Home & Furniture,South,867.6660304704305
2022-01-22,Store_1,Electronics,West,940.1689303106297
2022-01-23,Store_1,Grocery,North,799.5511093981638
2022-01-23,Store_3,Clothing,North,702.1696921623555
2022-01-24,Store_3,Clothing,South,491.29780949483876
2022-01-24,Store_2,Grocery,North,509.13644347115275
2022-01-25,Store_2,Home & Furniture,East,518.1738977252282
2022-01-25,Store_1,Home & Furniture,East,428.5286237236953
2022-01-25,Store_1,Electronics,West,515.6501182734519
2022-01-25,Store_3,Home & Furniture,North,506.3974704371732
2022-01-26,Store_2,Electronics,South,664.729518575132
2022-01-26,Store_1,Electronics,West,568.6780956840182
2022-01-27,Store_1,Grocery,North,646.7659078754494
2022-01-27,Store_3,Electronics,North,616.5577694509823
2022-01-28,Store_1,Home & Furniture,East,596.7604390537834
2022-01-28,Store_3,Grocery,South,609.8375537109865
2022-01-28,Store_3,Home & Furniture,South,493.0509518836111
2022-01-28,Store_2,Clothing,South,611.1863520161808
2022-01-29,Store_3,Grocery,South,690.3413617255073
2022-01-29,Store_1,Clothing,South,866.2859151230815
2022-01-29,Store_3,Electronics,South,727.7431422761435
2022-01-29,Store_1,Home & Furniture,North,828.0344662198056
2022-01-30,Store_3,Electronics,West,831.8153819364638
2022-01-30,Store_2,Home & Furniture,South,837.7542561536834
2022-01-30,Store_3,Clothing,East,896.4804696203763
2022-01-31,Store_2,Clothing,North,614.936012619168
2022-01-31,Store_2,Clothing,South,533.2598753440715
2022-01-31,Store_2,Electronics,West,656.635004000382
2022-02-01,Store_2,Clothing,South,475.665851777938
2022-02-01,Store_1,Home & Furniture,West,445.36009855059694
2022-02-01,Store_1,Clothing,West,638.7651908198302
2022-02-02,Store_3,Clothing,East,611.246781499965
2022-02-02,Store_1,Grocery,West,555.4730064991945
2022-02-02,Store_2,Clothing,South,502.96789033410994
2022-02-03,Store_2,Electronics,South,451.2390986673348
2022-02-03,Store_1,Electronics,South,650.8860449519605
2022-02-04,Store_1,Clothing,South,682.6007667918333
2022-02-04,Store_1,Home & Furniture,North,587.7919450330413
2022-02-04,Store_1,Electronics,West,596.9710308200165
2022-02-05,Store_2,Electronics,East,840.2468827058707
2022-02-05,Store_3,Home & Furniture,South,972.7485736918552
2022-02-06,Store_2,Grocery,West,779.9401746443049
2022-02-06,Store_1,Clothing,West,999.3175293789182
2022-02-06,Store_3,Grocery,South,778.3618508649098
2022-02-06,Store_2,Electronics,West,674.859487685454
2022-02-07,Store_1,Electronics,West,621.8404629185993
2022-02-07,Store_3,Grocery,North,682.1701965663574
2022-02-07,Store_2,Clothing,West,649.220824535187
2022-02-08,Store_1,Electronics,East,698.5079531189762
2022-02-08,Store_1,Electronics,West,660.1124975283269
2022-02-09,Store_3,Home & Furniture,North,717.9858455475766
2022-02-09,Store_1,Grocery,South,588.1718388938467
2022-02-09,Store_2,Grocery,South,643.6943210808931
2022-02-10,Store_1,Grocery,North,579.946939014494
2022-02-10,Store_3,Electronics,West,601.2868209336875
2022-02-10,Store_1,Home & Furniture,South,694.7548817141131
2022-02-10,Store_1,Electronics,West,680.0962195608853
2022-02-11,Store_2,Electronics,East,630.6547961313239
2022-02-11,Store_3,Grocery,West,641.7131143131583
2022-02-11,Store_1,Clothing,North,614.912427390278
2022-02-11,Store_3,Electronics,South,720.229071807431
2022-02-12,Store_1,Grocery,North,791.454134234491
2022-02-12,Store_3,Clothing,North,1163.7697940096768
2022-02-13,Store_3,Grocery,East,862.3470201369514
2022-02-13,Store_1,Electronics,East,815.0988418239143
2022-02-14,Store_1,Clothing,West,524.6394463057841
2022-02-14,Store_1,Clothing,North,661.4370777505326
2022-02-15,Store_3,Grocery,North,586.3995982090015
2022-02-15,Store_3,Clothing,North,641.6259607566902
2022-02-16,Store_1,Electronics,South,715.8475512013548
2022-02-16,Store_3,Grocery,North,684.4139463172526
2022-02-16,Store_3,Grocery,South,604.2934257558335
2022-02-16,Store_1,Electronics,North,536.1859689056976
2022-02-17,Store_3,Clothing,North,739.431751665511
2022-02-17,Store_1,Home & Furniture,West,608.8928661467714
2022-02-17,Store_1,Home & Furniture,South,589.6078668926023
2022-02-18,Store_3,Grocery,South,632.3186454023632
2022-02-18,Store_1,Electronics,South,591.447713911543
2022-02-18,Store_2,Grocery,West,499.33212645419553
2022-02-18,Store_1,Home & Furniture,South,751.0854756177841
2022-02-19,Store_3,Home & Furniture,North,927.3292727566864
2022-02-19,Store_1,Grocery,South,853.1304567710888
2022-02-20,Store_1,Electronics,East,762.260650819314
2022-02-20,Store_3,Home & Furniture,North,857.2917320997873
2022-02-21,Store_3,Home & Furniture,North,734.7395147228323
2022-02-21,Store_2,Clothing,East,838.1200740195313
2022-02-21,Store_1,Electronics,South,688.5573050181493
2022-02-21,Store_1,Clothing,West,725.8448211518094
2022-02-22,Store_2,Home & Furniture,West,672.8564918104236
2022-02-22,Store_2,Home & Furniture,South,541.9611746255665
2022-02-22,Store_2,Home & Furniture,West,720.9096442244888
2022-02-23,Store_1,Electronics,West,687.612695697108
2022-02-23,Store_1,Home & Furniture,West,810.3658847722062
2022-02-24,Store_1,Clothing,North,652.484711868871
2022-02-24,Store_2,Grocery,West,714.2192711017562
2022-02-25,Store_1,Grocery,West,658.4064213971303
2022-02-25,Store_3,Electronics,East,641.717615541506
2022-02-25,Store_2,Clothing,East,527.2445483332126
2022-02-26,Store_1,Electronics,South,1006.907089768313
2022-02-26,Store_1,Grocery,East,901.7198823278915
2022-02-27,Store_3,Electronics,North,1067.359864541945
2022-02-27,Store_2,Electronics,East,836.0063198104547
2022-02-28,Store_1,Home & Furniture,South,542.033540502507
2022-02-28,Store_2,Home & Furniture,East,696.8393177338385
2022-03-01,Store_2,Grocery,South,711.3055346351468
2022-03-01,Store_2,Home & Furniture,North,773.7898515474501
2022-03-01,Store_2,Home & Furniture,North,664.4275068031735
2022-03-01,Store_3,Clothing,North,626.6921027383315
2022-03-02,Store_2,Grocery,East,876.6318942427908
2022-03-02,Store_2,Grocery,South,638.7992448041716
2022-03-03,Store_2,Grocery,East,647.7936499388966
2022-03-03,Store_1,Grocery,North,746.0634258485408
2022-03-03,Store_3,Home & Furniture,South,664.2121153455003
2022-03-04,Store_1,Home & Furniture,South,829.2860809428322
2022-03-04,Store_1,Grocery,North,695.0216876631121
2022-03-04,Store_2,Grocery,North,654.3026934645858
2022-03-04,Store_2,Electronics,South,543.6380462930721
2022-03-05,Store_3,Electronics,East,692.70790332837
2022-03-05,Store_3,Home & Furniture,East,977.0341237012674
2022-03-05,Store_1,Clothing,West,1049.5415977142
2022-03-05,Store_3,Clothing,North,797.3677730751427
2022-03-06,Store_1,Electronics,South,741.874888315283
2022-03-06,Store_2,Electronics,South,936.3311395173988
2022-03-06,Store_2,Electronics,South,734.7587837094007
2022-03-07,Store_1,Clothing,North,666.0801366474637
2022-03-07,Store_2,Clothing,West,678.0726798175733
2022-03-07,Store_2,Clothing,East,609.3935099146141
2022-03-08,Store_3,Clothing,East,697.3461558472516
2022-03-08,Store_2,Grocery,South,620.8070541436517
2022-03-09,Store_2,Grocery,East,826.6526125949447
2022-03-09,Store_3,Clothing,East,704.3926406108137
2022-03-09,Store_3,Home & Furniture,North,686.483902308753
2022-03-09,Store_2,Grocery,South,761.6841100476806
2022-03-10,Store_3,Electronics,West,615.8085862266449
2022-03-10,Store_2,Clothing,North,667.3683825319812
2022-03-10,Store_1,Home & Furniture,North,560.6678635652256
2022-03-10,Store_2,Clothing,North,702.0434937559254
2022-03-11,Store_2,Grocery,East,892.6334419334197
2022-03-11,Store_1,Home & Furniture,East,636.8461074534988
2022-03-12,Store_2,Home & Furniture,South,803.2982767128782
2022-03-12,Store_3,Home & Furniture,East,750.5514030446019
2022-03-12,Store_1,Electronics,South,897.242431952979
2022-03-13,Store_2,Grocery,East,909.1010704989213
2022-03-13,Store_2,Grocery,South,1019.4903655268864
2022-03-14,Store_3,Electronics,East,686.9066288125689
2022-03-14,Store_3,Home & Furniture,East,704.1286095925963
2022-03-14,Store_2,Grocery,North,762.841059038425
2022-03-14,Store_2,Electronics,South,833.8244677901478
2022-03-15,Store_3,Home & Furniture,South,685.2863535958874
2022-03-15,Store_2,Grocery,South,765.8879365494491
2022-03-15,Store_3,Home & Furniture,North,630.3081720601556
2022-03-15,Store_1,Grocery,South,708.5158171735015
2022-03-16,Store_1,Grocery,East,828.9456098295669
2022-03-16,Store_3,Electronics,South,676.3889192783549
2022-03-16,Store_2,Home & Furniture,South,730.3722043203891
2022-03-17,Store_1,Clothing,North,773.6514122681263
2022-03-17,Store_1,Electronics,North,646.9966379691191
2022-03-18,Store_3,Grocery,East,885.2030461477674
2022-03-18,Store_1,Electronics,South,645.6596261197645
2022-03-18,Store_1,Home & Furniture,East,649.2334263920397
2022-03-18,Store_1,Grocery,West,814.4147935431671
2022-03-19,Store_2,Home & Furniture,West,912.271456242011
2022-03-19,Store_1,Home & Furniture,East,887.0756858640532
2022-03-19,Store_2,Clothing,North,841.4364488615074
2022-03-19,Store_1,Electronics,East,964.4522842647361
2022-03-20,Store_1,Electronics,South,981.446520082419
2022-03-20,Store_1,Grocery,West,929.5600459042591
2022-03-20,Store_3,Electronics,South,1088.5678794371408
2022-03-20,Store_1,Clothing,East,862.8097362130683
2022-03-21,Store_3,Clothing,South,547.3885035859502
2022-03-21,Store_2,Electronics,West,776.0164995165941
2022-03-21,Store_2,Grocery,East,715.6225055797456
2022-03-21,Store_3,Clothing,West,573.8229945993417
2022-03-22,Store_1,Electronics,West,723.9744759499715
2022-03-22,Store_2,Clothing,East,663.6717302383544
2022-03-22,Store_1,Electronics,North,657.9031614367266
2022-03-23,Store_3,Electronics,South,729.7755331731416
2022-03-23,Store_1,Clothing,South,750.1662985355775
2022-03-23,Store_1,Grocery,South,624.7372791119873
2022-03-23,Store_1,Home & Furniture,West,517.8856558622124
2022-03-24,Store_1,Home & Furniture,North,752.051197420997
2022-03-24,Store_1,Grocery,East,492.151999706723
2022-03-24,Store_3,Clothing,East,667.1434398200377
2022-03-24,Store_3,Electronics,West,834.4796168892875
2022-03-25,Store_2,Grocery,West,739.8057002930233
2022-03-25,Store_3,Grocery,South,556.1468219712442
2022-03-25,Store_3,Home & Furniture,South,818.1279868027211
2022-03-25,Store_1,Electronics,East,712.886909228021
2022-03-26,Store_1,Home & Furniture,North,1183.4281004658767
2022-03-26,Store_3,Grocery,North,826.2873124261151
2022-03-26,Store_2,Clothing,North,957.5293649345712
2022-03-26,Store_2,Clothing,North,843.24509181717
2022-03-27,Store_3,Grocery,East,857.4184577334169
2022-03-27,Store_3,Electronics,North,964.86659867259
2022-03-28,Store_2,Home & Furniture,North,590.7680734566663
2022-03-28,Store_3,Grocery,South,767.6447137440526
2022-03-29,Store_2,Clothing,South,514.0280943128624
2022-03-29,Store_3,Home & Furniture,East,712.595342301425
2022-03-29,Store_3,Grocery,West,761.724890030226
2022-03-29,Store_1,Home & Furniture,North,604.1454500834526
2022-03-30,Store_1,Clothing,East,722.0245285966364
2022-03-30,Store_1,Electronics,West,618.4746286043054
2022-03-31,Store_2,Home & Furniture,East,741.287245087828
2022-03-31,Store_1,Home & Furniture,North,700.009629800552
2022-03-31,Store_2,Clothing,East,712.6141788722475
2022-04-01,Store_2,Electronics,North,654.6250945124065
2022-04-01,Store_1,Electronics,South,790.3092473909907
2022-04-01,Store_1,Grocery,East,724.2466012352844
2022-04-01,Store_3,Grocery,South,793.3182143412465
2022-04-02,Store_2,Clothing,East,693.8271591386617
2022-04-02,Store_1,Home & Furniture,North,780.9517631707245
2022-04-02,Store_2,Grocery,East,921.3905257257624
2022-04-03,Store_2,Home & Furniture,North,890.752672816179
2022-04-03,Store_1,Electronics,East,1007.1925858660488
2022-04-03,Store_3,Home & Furniture,East,1042.1237628581055
2022-04-04,Store_1,Clothing,North,905.4857318921094
2022-04-04,Store_3,Clothing,North,711.6963724690327
2022-04-04,Store_3,Home & Furniture,West,837.1085652333846
2022-04-04,Store_2,Home & Furniture,West,735.0533976659082
2022-04-05,Store_1,Grocery,North,670.706138907552
2022-04-05,Store_2,Clothing,East,792.3298164422183
2022-04-05,Store_2,Electronics,East,566.0010984076064
2022-04-06,Store_3,Grocery,East,840.5067350918515
2022-04-06,Store_1,Electronics,South,804.5931010134068
2022-04-07,Store_1,Grocery,North,558.7724984650822
2022-04-07,Store_2,Home & Furniture,West,715.902459596349
2022-04-07,Store_1,Grocery,South,691.2840132705081
2022-04-08,Store_1,Grocery,East,707.7895817464461
2022-04-08,Store_1,Grocery,North,710.675510770433
2022-04-08,Store_3,Electronics,South,871.0705329281286
2022-04-08,Store_2,Clothing,South,752.4319526065846
2022-04-09,Store_3,Electronics,East,773.6911291435365
2022-04-09,Store_2,Grocery,West,918.1746685527196
2022-04-09,Store_2,Grocery,North,928.0575631684571
2022-04-10,Store_1,Grocery,South,805.3054045884453
2022-04-10,Store_2,Electronics,East,848.67402011446
2022-04-11,Store_3,Grocery,East,722.3259286288021
2022-04-11,Store_1,Electronics,East,826.8323056060362
2022-04-12,Store_1,Electronics,South,822.2248812168875
2022-04-12,Store_2,Home & Furniture,South,808.8971136918591
2022-04-12,Store_2,Clothing,North,656.9447234784377
2022-04-13,Store_1,Electronics,East,707.6993646786663
2022-04-13,Store_3,Home & Furniture,West,678.1194205554068
2022-04-13,Store_3,Grocery,South,617.8528780909114
2022-04-13,Store_3,Clothing,West,780.2140820577251
2022-04-14,Store_2,Home & Furniture,East,691.2174195803475
2022-04-14,Store_3,Clothing,West,605.6729158843369
2022-04-14,Store_1,Clothing,South,694.7751924595406
2022-04-15,Store_2,Grocery,North,641.7221332633037
2022-04-15,Store_1,Electronics,North,592.9819183943667
2022-04-16,Store_2,Electronics,East,763.4326575614589
2022-04-16,Store_1,Electronics,North,1004.1789861359073
2022-04-16,Store_2,Electronics,East,839.8395105798816
2022-04-16,Store_3,Home & Furniture,East,811.3286759026338
2022-04-17,Store_1,Clothing,North,905.1580968045488
2022-04-17,Store_1,Grocery,North,987.2302466997647
2022-04-18,Store_3,Grocery,North,728.4779697357342
2022-04-18,Store_3,Grocery,North,726.1130209280661
2022-04-18,Store_2,Grocery,East,708.3585783705082
2022-04-18,Store_2,Clothing,East,727.4747419188261
2022-04-19,Store_2,Clothing,South,673.6744092488258
2022-04-19,Store_3,Grocery,East,685.3860933679078
2022-04-20,Store_2,Clothing,West,636.5822398918681
2022-04-20,Store_2,Clothing,North,654.9126178078491
2022-04-21,Store_2,Clothing,East,663.818458800593
2022-04-21,Store_1,Home & Furniture,North,673.6024971451754
2022-04-21,Store_2,Electronics,North,653.3737440161501
2022-04-21,Store_2,Home & Furniture,South,757.9734306117552
2022-04-22,Store_3,Clothing,South,710.0188456907035
2022-04-22,Store_3,Clothing,East,652.3630156748699
2022-04-22,Store_2,Home & Furniture,North,592.4694616413765
2022-04-23,Store_3,Electronics,South,1162.1495049662506
2022-04-23,Store_2,Electronics,East,824.3496438865919
2022-04-23,Store_2,Electronics,East,1056.2637252258687
2022-04-24,Store_2,Home & Furniture,South,835.9381449462643
2022-04-24,Store_1,Electronics,West,937.5901899293685
2022-04-25,Store_1,Grocery,East,743.0397868638117
2022-04-25,Store_3,Grocery,North,528.822461123274
2022-04-26,Store_1,Clothing,West,585.5292594871333
2022-04-26,Store_2,Home & Furniture,East,760.86671789697
2022-04-27,Store_1,Grocery,North,663.5520529268962
2022-04-27,Store_1,Clothing,South,672.903195072671
2022-04-27,Store_1,Clothing,North,685.0166713812758
2022-04-28,Store_2,Electronics,North,628.1486594068765
2022-04-28,Store_2,Clothing,West,636.6881017468363
2022-04-28,Store_3,Clothing,North,639.4903344408641
2022-04-29,Store_3,Home & Furniture,South,664.1622728758751
2022-04-29,Store_3,Grocery,South,541.6908881384053
2022-04-30,Store_1,Home & Furniture,East,897.250213784432
2022-04-30,Store_1,Clothing,North,821.3719764278983
2022-04-30,Store_1,Home & Furniture,South,944.6280820796924
2022-05-01,Store_1,Clothing,North,812.9136190540476
2022-05-01,Store_2,Home & Furniture,South,836.3226806310814
2022-05-02,Store_3,Clothing,South,713.1671986089293
2022-05-02,Store_3,Grocery,West,656.5713897429996
2022-05-03,Store_2,Electronics,West,668.2142761200616
2022-05-03,Store_1,Home & Furniture,North,814.4290630313884
2022-05-03,Store_3,Grocery,East,674.3261695295085
2022-05-03,Store_2,Home & Furniture,East,753.3023075848317
2022-05-04,Store_3,Home & Furniture,West,715.7640662966897
2022-05-04,Store_1,Clothing,East,640.3064442076479
2022-05-05,Store_1,Grocery,West,573.6733946243899
2022-05-05,Store_3,Clothing,South,607.7839478151722
2022-05-06,Store_2,Grocery,West,748.4873140026749
2022-05-06,Store_3,Electronics,South,657.6905698585098
2022-05-06,Store_3,Grocery,West,790.655469075898
2022-05-06,Store_1,Grocery,East,692.7195663809226
2022-05-07,Store_2,Home & Furniture,West,759.217141176493
2022-05-07,Store_1,Clothing,West,878.3582501799542
2022-05-08,Store_3,Grocery,North,983.0690769138356
2022-05-08,Store_1,Grocery,West,835.1040913153124
2022-05-08,Store_3,Home & Furniture,North,913.6233093952567
2022-05-09,Store_1,Grocery,South,609.2600349035549
2022-05-09,Store_3,Grocery,South,754.8403030705106
2022-05-09,Store_2,Home & Furniture,East,537.3816203738212
2022-05-10,Store_1,Home & Furniture,East,818.7621281103119
2022-05-10,Store_1,Clothing,North,597.9400288986719
2022-05-11,Store_3,Grocery,East,745.9051900097729
2022-05-11,Store_2,Grocery,South,618.4194223872141
2022-05-11,Store_3,Electronics,North,709.2407611687713
2022-05-12,Store_3,Clothing,North,648.9353601009743
2022-05-12,Store_2,Clothing,South,571.0790971876514
2022-05-12,Store_2,Clothing,East,709.4462383420567
2022-05-12,Store_2,Home & Furniture,South,505.0359278003964
2022-05-13,Store_2,Electronics,East,605.1998125055932
2022-05-13,Store_2,Clothing,West,656.4698626104141
2022-05-13,Store_3,Home & Furniture,West,632.1811572879735
2022-05-13,Store_1,Home & Furniture,East,672.1069140981673
2022-05-14,Store_2,Grocery,West,818.7918535186112
2022-05-14,Store_2,Clothing,West,896.1565828994518
2022-05-14,Store_2,Clothing,North,816.0094507450555
2022-05-14,Store_1,Grocery,West,694.4006674230282
2022-05-15,Store_3,Grocery,South,902.7261334860783
2022-05-15,Store_3,Home & Furniture,North,932.3217247750754
2022-05-16,Store_1,Grocery,South,506.11189283426177
2022-05-16,Store_3,Grocery,West,607.3508771952662
2022-05-17,Store_1,Electronics,North,447.20637589111914
2022-05-17,Store_1,Electronics,West,716.3045703038107
2022-05-17,Store_1,Grocery,West,708.7978055951371
2022-05-17,Store_1,Grocery,West,639.9937532739867
2022-05-18,Store_1,Grocery,North,608.0016439385097
2022-05-18,Store_1,Electronics,West,618.8820547757477
2022-05-18,Store_2,Grocery,East,584.0975055375716
2022-05-19,Store_2,Clothing,West,709.6989114720236
2022-05-19,Store_1,Home & Furniture,East,680.356608716074
2022-05-19,Store_3,Home & Furniture,North,772.2903785780801
2022-05-20,Store_2,Home & Furniture,South,744.2643729124886
2022-05-20,Store_3,Clothing,East,675.0581283503141
2022-05-20,Store_2,Grocery,South,738.2517038139151
2022-05-21,Store_2,Grocery,East,760.051758081105
2022-05-21,Store_2,Grocery,West,817.8337455465022
2022-05-21,Store_1,Clothing,South,752.5931804984597
2022-05-22,Store_3,Grocery,West,766.6100986998572
2022-05-22,Store_1,Clothing,West,876.3383931805747
2022-05-22,Store_3,Home & Furniture,South,855.9603560258532
2022-05-22,Store_3,Clothing,West,869.5573008772981
2022-05-23,Store_3,Clothing,North,465.9596554424063
2022-05-23,Store_2,Electronics,East,605.1624399252993
2022-05-23,Store_2,Electronics,West,492.2658370089597
2022-05-24,Store_2,Electronics,East,524.9956669524781
2022-05-24,Store_1,Home & Furniture,South,505.9069295758799
2022-05-25,Store_3,Grocery,West,745.8215335258589
2022-05-25,Store_2,Clothing,South,496.8417876981755
2022-05-26,Store_3,Electronics,South,681.5969097997724
2022-05-26,Store_1,Clothing,North,631.8990188126293
2022-05-26,Store_2,Clothing,South,649.6870908978125
2022-05-26,Store_2,Grocery,South,562.70822797195
2022-05-27,Store_1,Grocery,South,558.4586542182565
2022-05-27,Store_1,Clothing,South,603.391371438914
2022-05-27,Store_2,Clothing,South,436.0003381957288
2022-05-27,Store_1,Clothing,North,633.570439889241
2022-05-28,Store_1,Clothing,North,904.3821623895506
2022-05-28,Store_1,Clothing,East,764.7859360250462
2022-05-29,Store_2,Home & Furniture,South,799.7519906908359
2022-05-29,Store_1,Electronics,North,658.331322704958
2022-05-29,Store_1,Electronics,West,859.2506319132968
2022-05-29,Store_2,Home & Furniture,West,646.9948949530162
2022-05-30,Store_1,Electronics,North,475.20801032843946
2022-05-30,Store_3,Clothing,South,702.6013264389012
2022-05-31,Store_2,Electronics,East,577.0620158287984
2022-05-31,Store_1,Home & Furniture,South,559.1366290459364
2022-05-31,Store_1,Electronics,North,661.8236843804169
2022-05-31,Store_3,Grocery,West,596.7551517944839
2022-06-01,Store_3,Clothing,South,561.7726725085079
2022-06-01,Store_2,Electronics,South,403.8383606313722
2022-06-01,Store_3,Clothing,South,605.6686485101282
2022-06-02,Store_2,Home & Furniture,East,629.2636993935954
2022-06-02,Store_3,Home & Furniture,South,522.1771086052702
2022-06-02,Store_1,Electronics,East,648.7959941824822
2022-06-02,Store_1,Clothing,South,547.3530245660736
2022-06-03,Store_2,Electronics,East,747.3544098441157
2022-06-03,Store_2,Grocery,South,590.1016237513912
2022-06-03,Store_1,Grocery,West,609.9584674137918
2022-06-03,Store_3,Home & Furniture,North,624.1035968878572
2022-06-04,Store_1,Electronics,East,821.2653798188671
2022-06-04,Store_2,Home & Furniture,South,855.8109665546958
2022-06-04,Store_2,Home & Furniture,South,957.3344995341976
2022-06-05,Store_1,Electronics,North,757.8644958854576
2022-06-05,Store_1,Clothing,North,798.7261746026907
2022-06-05,Store_2,Grocery,West,795.9843637319041
2022-06-05,Store_2,Clothing,South,682.8581571098752
2022-06-06,Store_3,Electronics,East,642.7173698967168
2022-06-06,Store_1,Home & Furniture,South,635.8318225711026
2022-06-06,Store_3,Electronics,West,571.1543220512013
2022-06-07,Store_3,Clothing,North,583.1175155696416
2022-06-07,Store_1,Electronics,West,651.8579468246547
2022-06-07,Store_1,Clothing,West,409.3127401871504
2022-06-08,Store_2,Grocery,South,592.293558719455
2022-06-08,Store_2,Grocery,North,522.7087854748927
2022-06-08,Store_2,Grocery,West,657.2592942906209
2022-06-09,Store_1,Grocery,North,549.5550823601033
2022-06-09,Store_1,Clothing,West,464.37579569970535
2022-06-10,Store_3,Home & Furniture,East,440.71084638940215
2022-06-10,Store_3,Clothing,North,619.9230934791764
2022-06-10,Store_1,Clothing,East,640.615990848378
2022-06-10,Store_3,Clothing,East,552.1278911058764
2022-06-11,Store_1,Grocery,East,780.6359923832812
2022-06-11,Store_1,Home & Furniture,South,736.3558024958844
2022-06-12,Store_1,Clothing,West,636.8099943357976
2022-06-12,Store_2,Grocery,South,536.7874766255525
2022-06-12,Store_1,Electronics,West,776.9174266266538
2022-06-12,Store_3,Clothing,West,745.1553546445135
2022-06-13,Store_3,Electronics,East,667.7736021687232
2022-06-13,Store_2,Electronics,South,514.5119966710682
2022-06-13,Store_2,Clothing,South,588.2039629185683
2022-06-14,Store_3,Clothing,North,597.502861406304
2022-06-14,Store_3,Grocery,South,377.1895480067295
2022-06-15,Store_1,Clothing,South,533.3307901692405
2022-06-15,Store_2,Electronics,North,588.1415123459944
2022-06-16,Store_2,Clothing,North,530.707240665167
2022-06-16,Store_2,Home & Furniture,East,612.843177511677
2022-06-16,Store_1,Grocery,East,587.5775664155865
2022-06-17,Store_1,Clothing,South,620.7855289257977
2022-06-17,Store_2,Electronics,East,513.632719105474
2022-06-17,Store_1,Electronics,South,502.5198679465371
2022-06-18,Store_3,Grocery,North,837.2362557730781
2022-06-18,Store_2,Electronics,North,878.7127167390599
2022-06-19,Store_3,Clothing,North,738.2113213960512
2022-06-19,Store_2,Clothing,South,705.2987230826479
2022-06-20,Store_3,Clothing,West,676.0182875400662
2022-06-20,Store_2,Clothing,West,506.33260575734363
2022-06-20,Store_3,Electronics,South,584.8532242935373
2022-06-21,Store_1,Home & Furniture,East,666.2250469953955
2022-06-21,Store_2,Electronics,East,400.9733632688668
2022-06-22,Store_1,Home & Furniture,South,432.31141953161926
2022-06-22,Store_1,Home & Furniture,South,490.8882970407687
2022-06-23,Store_3,Grocery,West,545.5941270856925
2022-06-23,Store_2,Grocery,East,435.35157883506974
2022-06-23,Store_2,Grocery,North,430.4823912815666
2022-06-24,Store_2,Home & Furniture,South,504.9097505354185
2022-06-24,Store_1,Electronics,North,663.8963428680172
2022-06-24,Store_2,Grocery,South,446.4942443995001
2022-06-24,Store_1,Clothing,West,576.1027222814594
2022-06-25,Store_3,Home & Furniture,East,436.13177853831144
2022-06-25,Store_2,Electronics,West,627.104428936153
2022-06-26,Store_2,Grocery,South,682.3990120635152
2022-06-26,Store_3,Home & Furniture,North,802.1927611893676
2022-06-27,Store_2,Electronics,South,555.7761795436867
2022-06-27,Store_1,Clothing,South,562.0689726454177
2022-06-28,Store_3,Electronics,North,455.69963881786344
2022-06-28,Store_1,Clothing,East,492.93219564383077
2022-06-29,Store_3,Grocery,East,681.0638996574493
2022-06-29,Store_2,Clothing,East,418.0882049487117
2022-06-29,Store_3,Grocery,West,515.1507952847113
2022-06-30,Store_2,Grocery,South,497.2525157901352
2022-06-30,Store_2,Electronics,East,476.2528266708796
2022-06-30,Store_1,Clothing,South,469.1555973502087
2022-07-01,Store_2,Home & Furniture,South,418.79532606923397
2022-07-01,Store_1,Grocery,North,606.7668806248349
2022-07-01,Store_3,Grocery,North,344.1896164998539
2022-07-01,Store_2,Home & Furniture,South,484.26130627831077
2022-07-02,Store_1,Grocery,North,648.8388532726527
2022-07-02,Store_1,Electronics,South,511.3312126445245
2022-07-02,Store_1,Clothing,South,700.5689785213372
2022-07-03,Store_1,Home & Furniture,East,648.9020010593081
2022-07-03,Store_2,Grocery,West,517.4789522854704
2022-07-03,Store_3,Clothing,East,705.6797934605509
2022-07-04,Store_1,Grocery,South,384.8971699819683
2022-07-04,Store_3,Grocery,North,513.6618782967112
2022-07-04,Store_3,Clothing,North,371.72529755466053
2022-07-04,Store_3,Electronics,North,561.9639359783642
2022-07-05,Store_1,Home & Furniture,West,426.3758342963713
2022-07-05,Store_3,Home & Furniture,North,443.1209366644462
2022-07-05,Store_1,Home & Furniture,West,429.3370541516418
2022-07-06,Store_3,Grocery,East,428.3889513513813
2022-07-06,Store_1,Clothing,East,449.9201232173859
2022-07-06,Store_3,Home & Furniture,South,590.6889523144007
2022-07-07,Store_1,Grocery,East,448.59647094681355
2022-07-07,Store_2,Grocery,East,388.1080775255507
2022-07-07,Store_1,Grocery,East,590.6479281504885
2022-07-08,Store_3,Electronics,North,446.9456243452499
2022-07-08,Store_1,Electronics,North,552.4872514876313
2022-07-08,Store_2,Electronics,North,438.16655235578116
2022-07-09,Store_3,Electronics,West,628.961832177401
2022-07-09,Store_3,Electronics,South,515.3263040106473
2022-07-10,Store_2,Home & Furniture,East,565.9908546769155
2022-07-10,Store_1,Electronics,West,520.072726542035
2022-07-10,Store_2,Electronics,North,580.1543407908781
2022-07-11,Store_1,Home & Furniture,North,549.5309399240459
2022-07-11,Store_2,Grocery,West,451.6142225405762
2022-07-12,Store_3,Clothing,South,433.6660956564682
2022-07-12,Store_1,Clothing,North,388.1489370211976
2022-07-13,Store_1,Clothing,North,287.71778510107424
2022-07-13,Store_1,Home & Furniture,North,467.75715783312575
2022-07-13,Store_1,Clothing,East,598.4357104960823
2022-07-13,Store_3,Home & Furniture,North,548.1109089703416
2022-07-14,Store_1,Home & Furniture,South,503.32538708743084
2022-07-14,Store_3,Clothing,East,476.1567875041532
2022-07-15,Store_3,Clothing,South,452.4788687378361
2022-07-15,Store_2,Grocery,East,476.54234804242105
2022-07-15,Store_1,Clothing,West,397.31065181442295
2022-07-15,Store_2,Clothing,South,502.5093540165671
2022-07-16,Store_1,Home & Furniture,South,722.1347572520398
2022-07-16,Store_1,Grocery,East,563.7952801776536
2022-07-16,Store_2,Clothing,South,573.564543722841
2022-07-16,Store_3,Home & Furniture,South,504.54810843140825
2022-07-17,Store_1,Electronics,West,542.9143165150082
2022-07-17,Store_2,Clothing,South,659.0103020010001
2022-07-17,Store_3,Electronics,West,643.1636059028535
2022-07-18,Store_3,Grocery,West,396.37176459570384
2022-07-18,Store_2,Electronics,South,341.45005108200843
2022-07-18,Store_2,Electronics,West,426.25357507329505
2022-07-19,Store_3,Grocery,West,418.5123721541883
2022-07-19,Store_1,Clothing,South,500.3524287304542
2022-07-20,Store_1,Grocery,North,408.56310424403887
2022-07-20,Store_3,Home & Furniture,South,333.8939006794508
2022-07-21,Store_3,Electronics,South,452.8493073241577
2022-07-21,Store_2,Electronics,North,572.5095959166808
2022-07-21,Store_3,Home & Furniture,East,458.13367656310953
2022-07-22,Store_1,Grocery,East,433.31584548710657
2022-07-22,Store_1,Electronics,North,311.5226457481434
2022-07-22,Store_3,Clothing,North,278.943426432616
2022-07-23,Store_3,Home & Furniture,East,564.1110875081994
2022-07-23,Store_2,Grocery,West,537.3789926573367
2022-07-23,Store_1,Home & Furniture,North,661.7786853373628
2022-07-24,Store_3,Electronics,South,685.7461063223708
2022-07-24,Store_1,Home & Furniture,South,507.82348509407274
2022-07-24,Store_1,Home & Furniture,North,427.42409059531
2022-07-24,Store_1,Home & Furniture,West,598.0346065418638
2022-07-25,Store_1,Grocery,South,439.7566199351063
2022-07-25,Store_1,Grocery,North,440.19591876970264
2022-07-25,Store_3,Clothing,East,305.2934194302343
2022-07-26,Store_3,Electronics,South,329.6241537386084
2022-07-26,Store_2,Home & Furniture,South,352.75397090815613
2022-07-26,Store_3,Grocery,North,250.5991580237736
2022-07-27,Store_1,Grocery,South,549.4873172005282
2022-07-27,Store_2,Home & Furniture,West,354.9274880236801
2022-07-27,Store_2,Clothing,West,370.8512803346935
2022-07-28,Store_2,Clothing,West,616.5521859833611
2022-07-28,Store_2,Grocery,South,576.8165292608128
2022-07-29,Store_3,Home & Furniture,West,505.4879597457596
2022-07-29,Store_3,Grocery,West,496.040621805849
2022-07-29,Store_1,Home & Furniture,South,295.1398964124859
2022-07-29,Store_1,Home & Furniture,South,415.34370409705747
2022-07-30,Store_1,Clothing,North,663.3805040282876
2022-07-30,Store_3,Home & Furniture,East,518.8997366771547
2022-07-30,Store_3,Clothing,North,514.8367871329339
2022-07-30,Store_1,Grocery,West,547.2427029708917
2022-07-31,Store_3,Clothing,South,583.5519350358201
2022-07-31,Store_2,Grocery,East,555.1622483387531
2022-07-31,Store_1,Clothing,North,380.39317592538004
2022-07-31,Store_2,Electronics,East,699.0158339063813
2022-08-01,Store_3,Electronics,East,533.6667107606465
2022-08-01,Store_3,Electronics,North,362.46871716138554
2022-08-02,Store_1,Electronics,South,269.2112764154858
2022-08-02,Store_2,Home & Furniture,South,409.29777163029166
2022-08-03,Store_3,Grocery,East,420.411729083892
2022-08-03,Store_2,Electronics,South,526.754727531443
2022-08-03,Store_2,Home & Furniture,West,357.2862898407117
2022-08-03,Store_1,Home & Furniture,North,425.4787473642921
2022-08-04,Store_2,Grocery,South,345.0768865684908
2022-08-04,Store_2,Home & Furniture,South,320.71330535134496
2022-08-04,Store_2,Clothing,South,324.80148396868105
2022-08-05,Store_2,Grocery,East,345.99590494100806
2022-08-05,Store_1,Electronics,West,386.96058445735764
2022-08-06,Store_3,Clothing,South,317.48463202523544
2022-08-06,Store_3,Home & Furniture,West,394.0485739323597
2022-08-06,Store_2,Grocery,West,573.8694935365864
2022-08-07,Store_1,Electronics,South,507.23782347970507
2022-08-07,Store_1,Clothing,East,410.0500443182059
2022-08-07,Store_1,Electronics,West,560.7000571144536
2022-08-08,Store_1,Clothing,South,331.0875394537791
2022-08-08,Store_3,Electronics,North,510.02105428445753
2022-08-09,Store_3,Electronics,East,337.58521047620485
2022-08-09,Store_2,Electronics,North,265.2127715442763
2022-08-10,Store_1,Grocery,North,367.63561427777796
2022-08-10,Store_1,Grocery,South,307.9260835081641
2022-08-10,Store_2,Home & Furniture,West,409.17222141344655
2022-08-11,Store_1,Clothing,South,443.9038446395829
2022-08-11,Store_2,Home & Furniture,East,447.14833514398305
2022-08-11,Store_2,Clothing,West,316.45073173533876
2022-08-11,Store_3,Electronics,West,370.5008305970615
2022-08-12,Store_3,Home & Furniture,South,485.55741321986466
2022-08-12,Store_2,Clothing,North,397.57866930409455
2022-08-12,Store_1,Home & Furniture,South,301.98320221167165
2022-08-13,Store_2,Clothing,West,666.477131063241
2022-08-13,Store_1,Grocery,West,686.2758708609472
2022-08-13,Store_3,Electronics,East,422.3894937652671
2022-08-14,Store_3,Clothing,North,598.5961203106255
2022-08-14,Store_1,Home & Furniture,North,282.59899490290974
2022-08-14,Store_1,Home & Furniture,East,493.86670114736734
2022-08-15,Store_2,Grocery,West,422.5749717562393
2022-08-15,Store_2,Home & Furniture,South,345.99803796607347
2022-08-16,Store_3,Grocery,East,233.6295281363071
2022-08-16,Store_2,Electronics,West,462.70367679933827
2022-08-16,Store_1,Home & Furniture,West,315.1626864178641
2022-08-16,Store_3,Electronics,West,317.6259123839243
2022-08-17,Store_1,Home & Furniture,East,297.6003040613813
2022-08-17,Store_2,Clothing,West,372.7583840562555
2022-08-17,Store_1,Electronics,South,355.73769128670716
2022-08-18,Store_2,Home & Furniture,West,378.33832611004993
2022-08-18,Store_3,Home & Furniture,East,339.11694798233856
2022-08-19,Store_1,Clothing,North,430.6139974846699
2022-08-19,Store_3,Electronics,West,309.83587195385235
2022-08-20,Store_1,Home & Furniture,South,323.556652256494
2022-08-20,Store_1,Clothing,South,642.3257453567937
2022-08-21,Store_1,Electronics,West,487.8706189529591
2022-08-21,Store_2,Grocery,West,586.2763935168142
2022-08-21,Store_1,Home & Furniture,West,449.0106821953752
2022-08-21,Store_3,Home & Furniture,South,476.72674067522576
2022-08-22,Store_3,Clothing,South,308.295906642225
2022-08-22,Store_2,Electronics,North,406.11047977618034
2022-08-23,Store_2,Clothing,East,443.4348255193846
2022-08-23,Store_2,Grocery,East,270.5738801258469
2022-08-23,Store_3,Clothing,South,368.8187715219854
2022-08-23,Store_3,Clothing,West,310.7046894229235
2022-08-24,Store_3,Home & Furniture,South,382.70460145493047
2022-08-24,Store_3,Electronics,East,185.87420214918723
2022-08-24,Store_1,Electronics,North,350.8311848130255
2022-08-24,Store_1,Clothing,North,381.87605521619014
2022-08-25,Store_1,Clothing,South,353.07055329097886
2022-08-25,Store_3,Clothing,East,407.4445887357983
2022-08-25,Store_3,Grocery,West,366.3982304024304
2022-08-25,Store_1,Home & Furniture,South,233.61078601802575
2022-08-26,Store_3,Grocery,East,290.3519710833892
2022-08-26,Store_1,Home & Furniture,West,321.689660106427
2022-08-26,Store_2,Grocery,South,261.28715839537165
2022-08-26,Store_3,Grocery,East,393.44853508194007
2022-08-27,Store_2,Clothing,North,389.8573257925199
2022-08-27,Store_3,Electronics,West,539.482081104642
2022-08-27,Store_3,Clothing,West,649.0605392878097
2022-08-27,Store_1,Home & Furniture,West,470.4574146489429
2022-08-28,Store_2,Electronics,West,365.4991548849514
2022-08-28,Store_2,Clothing,North,255.83806839815563
2022-08-29,Store_1,Clothing,South,373.2144313027408
2022-08-29,Store_1,Home & Furniture,East,406.9747958872734
2022-08-29,Store_3,Clothing,West,467.7992583359413
2022-08-29,Store_2,Home & Furniture,East,389.6945625743071
2022-08-30,Store_2,Grocery,North,277.1890610964031
2022-08-30,Store_1,Clothing,West,270.4325281472055
2022-08-30,Store_1,Electronics,North,332.0206373676048
2022-08-30,Store_3,Electronics,South,288.07066778416504
2022-08-31,Store_1,Clothing,East,329.5893094681433
2022-08-31,Store_3,Grocery,West,237.73776159708837
2022-09-01,Store_2,Home & Furniture,North,316.86371902852096
2022-09-01,Store_1,Clothing,West,423.4027804596407
2022-09-02,Store_3,Home & Furniture,West,463.9640636270928
2022-09-02,Store_3,Grocery,West,382.18314696695006
2022-09-02,Store_2,Home & Furniture,South,270.0599267003438
2022-09-02,Store_3,Grocery,South,352.2541507659203
2022-09-03,Store_1,Grocery,North,417.0474233339754
2022-09-03,Store_3,Home & Furniture,East,430.14768796984185
2022-09-03,Store_2,Electronics,North,370.27166949395314
2022-09-04,Store_2,Clothing,West,655.9118643966633
2022-09-04,Store_1,Home & Furniture,West,364.39429171216347
2022-09-05,Store_2,Electronics,South,302.9340365100035
2022-09-05,Store_3,Home & Furniture,West,319.8782999301861
2022-09-06,Store_1,Home & Furniture,South,404.63744062700243
2022-09-06,Store_2,Clothing,South,271.6766665005524
2022-09-07,Store_1,Electronics,North,382.82926070237403
2022-09-07,Store_1,Clothing,East,269.93624823475966
2022-09-07,Store_1,Home & Furniture,East,402.56384587600917
2022-09-08,Store_3,Clothing,North,316.84678745513673
2022-09-08,Store_1,Electronics,North,433.5873000047324
2022-09-08,Store_1,Home & Furniture,North,258.393832526496
2022-09-09,Store_2,Clothing,South,368.88427996736556
2022-09-09,Store_1,Clothing,East,347.42845560024966
2022-09-10,Store_2,Home & Furniture,South,574.081795301752
2022-09-10,Store_1,Clothing,West,499.6821388132031
2022-09-11,Store_1,Electronics,West,424.99526416731163
2022-09-11,Store_2,Clothing,East,319.74596803961464
2022-09-11,Store_1,Electronics,South,350.14747147088536
2022-09-12,Store_3,Clothing,North,430.79314700873823
2022-09-12,Store_3,Home & Furniture,South,326.8656077771653
2022-09-12,Store_3,Electronics,South,371.04277200732156
2022-09-13,Store_2,Electronics,North,313.9318810167491
2022-09-13,Store_2,Home & Furniture,East,249.68106413578874
2022-09-14,Store_2,Electronics,North,522.5052264936121
2022-09-14,Store_2,Electronics,East,269.40434251528694
2022-09-14,Store_1,Grocery,West,409.5130638717168
2022-09-14,Store_1,Grocery,East,238.96244874538064
2022-09-15,Store_1,Electronics,South,248.21542532508477
2022-09-15,Store_2,Grocery,West,293.8614850321011
2022-09-15,Store_3,Home & Furniture,West,262.355037203376
2022-09-16,Store_1,Clothing,East,200.12402582754214
2022-09-16,Store_2,Clothing,North,369.89154103936426
2022-09-16,Store_2,Home & Furniture,West,166.52988553613275
2022-09-16,Store_1,Clothing,West,227.4695597360236
2022-09-17,Store_1,Electronics,East,551.3796082124863
2022-09-17,Store_3,Clothing,East,533.5213784728834
2022-09-18,Store_2,Clothing,North,541.3883731577397
2022-09-18,Store_2,Electronics,East,523.3380802823818
2022-09-18,Store_1,Electronics,South,407.79916150569613
2022-09-18,Store_3,Clothing,East,346.95796474020904
2022-09-19,Store_2,Clothing,South,302.9210800006396
2022-09-19,Store_2,Clothing,South,297.00822493447515
2022-09-20,Store_3,Electronics,East,273.81380721343334
2022-09-20,Store_2,Electronics,North,215.7248476249581
2022-09-20,Store_2,Home & Furniture,North,300.5350566458242
2022-09-21,Store_1,Electronics,North,321.97649323629065
2022-09-21,Store_1,Clothing,East,375.1241900661824
2022-09-21,Store_1,Grocery,North,301.3460912855148
2022-09-21,Store_2,Electronics,East,334.58993874655016
2022-09-22,Store_1,Clothing,South,158.1798632213128
2022-09-22,Store_1,Electronics,South,258.85057797481016
2022-09-22,Store_3,Clothing,West,213.08965305273352
2022-09-22,Store_3,Electronics,West,361.9652585508593
2022-09-23,Store_3,Grocery,East,288.02814828424573
2022-09-23,Store_3,Electronics,North,213.1240247060449
2022-09-23,Store_2,Electronics,West,229.61028593316968
2022-09-23,Store_2,Clothing,North,386.62862164020225
2022-09-24,Store_1,Electronics,West,343.36093168534677
2022-09-24,Store_2,Clothing,East,380.7345903428422
2022-09-24,Store_2,Electronics,South,419.4053941886429
2022-09-24,Store_3,Clothing,West,575.7413560178542
2022-09-25,Store_2,Grocery,West,322.0621359860363
2022-09-25,Store_2,Electronics,East,482.0822399059391
2022-09-26,Store_2,Clothing,East,227.91903807791692
2022-09-26,Store_2,Home & Furniture,South,302.9782775010868
2022-09-26,Store_3,Clothing,East,514.5490972808842
2022-09-26,Store_3,Home & Furniture,North,377.2149181416537
2022-09-27,Store_2,Clothing,South,384.9011125522057
2022-09-27,Store_3,Clothing,East,318.27568095725434
2022-09-27,Store_3,Home & Furniture,East,402.8753245117531
2022-09-27,Store_1,Home & Furniture,West,330.9636926942003
2022-09-28,Store_3,Clothing,South,393.4885384196641
2022-09-28,Store_3,Clothing,North,283.86765850817534
2022-09-29,Store_2,Electronics,South,370.9274605745556
2022-09-29,Store_3,Clothing,South,363.22146587426283
2022-09-30,Store_2,Electronics,West,267.2198279608305
2022-09-30,Store_3,Home & Furniture,South,240.25042192492106
2022-09-30,Store_3,Clothing,North,257.1676011950195
2022-10-01,Store_1,Electronics,East,479.090586549661
2022-10-01,Store_1,Home & Furniture,West,433.8259080227911
2022-10-02,Store_3,Electronics,West,328.30081261157795
2022-10-02,Store_3,Electronics,South,325.6595971273665
2022-10-03,Store_2,Home & Furniture,West,325.19950413184444
2022-10-03,Store_3,Home & Furniture,East,246.13573575411277
2022-10-03,Store_2,Home & Furniture,North,288.5885040948219
2022-10-04,Store_2,Grocery,West,243.03956770820452
2022-10-04,Store_2,Home & Furniture,South,327.2057194709704
2022-10-05,Store_3,Home & Furniture,South,379.0401356182714
2022-10-05,Store_3,Clothing,West,399.39194452227605
2022-10-05,Store_3,Clothing,South,237.41974387764327
2022-10-06,Store_3,Electronics,East,263.14988264945805
2022-10-06,Store_1,Electronics,North,351.6496431873022
2022-10-07,Store_1,Clothing,North,202.01574703293178
2022-10-07,Store_3,Clothing,West,245.0198107712196
2022-10-07,Store_2,Grocery,South,347.8434962190713
2022-10-07,Store_2,Grocery,South,318.69495204160745
2022-10-08,Store_1,Home & Furniture,East,526.1062912737638
2022-10-08,Store_1,Clothing,East,502.28405593122113
2022-10-08,Store_2,Home & Furniture,East,679.0268695980897
2022-10-09,Store_2,Clothing,East,320.36738564402617
2022-10-09,Store_1,Home & Furniture,North,350.05217771352545
2022-10-09,Store_2,Grocery,North,327.4937879262453
2022-10-09,Store_3,Home & Furniture,South,394.2169653399872
2022-10-10,Store_1,Home & Furniture,East,340.9131069599368
2022-10-10,Store_1,Electronics,East,288.6191801940693
2022-10-11,Store_2,Clothing,East,388.67389762222
2022-10-11,Store_1,Clothing,North,318.27548651401776
2022-10-11,Store_3,Electronics,North,351.36811934348526
2022-10-11,Store_2,Clothing,South,289.53450712196917
2022-10-12,Store_3,Grocery,East,429.24099427390604
2022-10-12,Store_3,Electronics,North,197.4910049509783
2022-10-13,Store_3,Electronics,West,319.750886802287
2022-10-13,Store_3,Electronics,South,309.8999820436895
2022-10-13,Store_3,Home & Furniture,North,289.6033618736079
2022-10-13,Store_2,Electronics,North,165.14478689385666
2022-10-14,Store_1,Clothing,East,305.2221456740437
2022-10-14,Store_2,Home & Furniture,South,353.2764488798451
2022-10-14,Store_1,Electronics,West,282.26855908577375
2022-10-15,Store_2,Home & Furniture,North,431.83503657031093
2022-10-15,Store_2,Electronics,West,359.2419659190732
2022-10-15,Store_1,Clothing,North,616.5792138998588
2022-10-15,Store_3,Home & Furniture,South,387.5457257584224
2022-10-16,Store_2,Home & Furniture,West,353.7751374341654
2022-10-16,Store_2,Electronics,West,559.8995906178357
2022-10-16,Store_1,Home & Furniture,East,319.72123170811795
2022-10-16,Store_2,Grocery,South,342.31975998986167
2022-10-17,Store_3,Electronics,South,294.7506107397563
2022-10-17,Store_1,Clothing,East,289.4860499983384
2022-10-18,Store_1,Home & Furniture,South,229.20508471293783
2022-10-18,Store_1,Home & Furniture,South,381.8747914190752
2022-10-18,Store_2,Grocery,North,232.87744486112797
2022-10-19,Store_2,Home & Furniture,East,367.0192019762688
2022-10-19,Store_2,Electronics,South,367.243554797604
2022-10-19,Store_2,Electronics,South,363.61759561831485
2022-10-19,Store_3,Home & Furniture,West,357.1338274402795
2022-10-20,Store_3,Home & Furniture,North,410.4050341835463
2022-10-20,Store_2,Home & Furniture,West,245.01198614829758
2022-10-21,Store_3,Clothing,North,359.31051293641104
2022-10-21,Store_3,Home & Furniture,North,471.3289965431027
2022-10-21,Store_1,Grocery,East,187.83859148481605
2022-10-21,Store_3,Electronics,North,375.1458568303728
2022-10-22,Store_3,Home & Furniture,East,396.4638254505386
2022-10-22,Store_2,Home & Furniture,South,236.31068414600605
2022-10-23,Store_2,Clothing,East,428.3706272500822
2022-10-23,Store_2,Electronics,North,243.0925926729015
2022-10-24,Store_1,Grocery,North,377.2731784155648
2022-10-24,Store_2,Clothing,North,431.63465734281266
2022-10-24,Store_3,Home & Furniture,East,388.0816653439611
2022-10-24,Store_3,Electronics,North,320.65444931066776
2022-10-25,Store_1,Clothing,East,298.45281363437476
2022-10-25,Store_1,Grocery,South,354.48307231864004
2022-10-25,Store_1,Clothing,West,353.1431247686796
2022-10-25,Store_2,Electronics,South,333.05322791001583
2022-10-26,Store_1,Grocery,North,189.9843552700281
2022-10-26,Store_2,Electronics,South,333.37648375113076
2022-10-26,Store_2,Grocery,South,385.91950480265353
2022-10-27,Store_1,Clothing,South,270.6628973180116
2022-10-27,Store_1,Clothing,West,407.0494408211757
2022-10-27,Store_1,Electronics,West,334.6209490459562
2022-10-28,Store_2,Electronics,West,357.4326705282337
2022-10-28,Store_3,Home & Furniture,West,351.291254813204
2022-10-28,Store_2,Electronics,West,365.33935660936027
2022-10-28,Store_3,Electronics,North,312.5938243670673
2022-10-29,Store_2,Grocery,South,345.611900929292
2022-10-29,Store_2,Home & Furniture,West,436.47612388130733
2022-10-29,Store_3,Home & Furniture,North,464.43471685880115
2022-10-30,Store_2,Home & Furniture,West,424.25952551373496
2022-10-30,Store_3,Electronics,East,497.1229826459077
2022-10-30,Store_2,Grocery,North,287.7677690438957
2022-10-31,Store_1,Home & Furniture,West,417.5252252712628
2022-10-31,Store_2,Clothing,East,354.4763290029043
2022-10-31,Store_3,Grocery,North,331.33448221671836
2022-11-01,Store_1,Electronics,East,222.38552649643094
2022-11-01,Store_3,Electronics,East,607.9174315128473
2022-11-01,Store_1,Grocery,East,211.17473167070426
2022-11-01,Store_2,Grocery,North,321.4821684133347
2022-11-02,Store_1,Home & Furniture,North,276.25431991948653
2022-11-02,Store_1,Grocery,North,172.42827627754758
2022-11-02,Store_2,Grocery,North,401.44436875843917
2022-11-03,Store_1,Electronics,South,209.77463913532733
2022-11-03,Store_1,Electronics,South,334.4823650657893
2022-11-03,Store_1,Home & Furniture,North,299.3134138389619
2022-11-03,Store_3,Home & Furniture,East,386.7817954296404
2022-11-04,Store_3,Electronics,West,463.14288072432834
2022-11-04,Store_3,Clothing,East,342.11434972869546
2022-11-05,Store_2,Home & Furniture,East,403.55638859102464
2022-11-05,Store_2,Home & Furniture,East,551.1416895726253
2022-11-05,Store_1,Home & Furniture,East,288.870408236435
2022-11-05,Store_3,Grocery,West,458.63526781866926
2022-11-06,Store_3,Clothing,West,440.15856721515695
2022-11-06,Store_3,Home & Furniture,East,512.8025388706901
2022-11-06,Store_2,Home & Furniture,East,567.5211926075901
2022-11-07,Store_1,Electronics,East,254.04348799314073
2022-11-07,Store_1,Grocery,North,326.35209091927646
2022-11-07,Store_1,Electronics,North,393.0210676027976
2022-11-08,Store_3,Clothing,South,451.1577854970801
2022-11-08,Store_1,Electronics,West,274.26854716680486
2022-11-08,Store_3,Electronics,North,396.16073128516473
2022-11-09,Store_3,Grocery,South,252.03730697315234
2022-11-09,Store_1,Grocery,West,275.6256531148294
2022-11-10,Store_3,Grocery,West,272.23500328171394
2022-11-10,Store_1,Home & Furniture,East,462.89558462624757
2022-11-10,Store_3,Clothing,South,208.5088305473869
2022-11-10,Store_3,Grocery,North,279.6814820986871
2022-11-11,Store_3,Home & Furniture,South,390.1399667255481
2022-11-11,Store_3,Electronics,East,169.08493539070767
2022-11-12,Store_1,Grocery,North,425.2324055842531
2022-11-12,Store_1,Electronics,East,663.3366761364281
2022-11-13,Store_3,Home & Furniture,East,782.2231038539213
2022-11-13,Store_3,Grocery,East,543.663149742324
2022-11-13,Store_1,Grocery,North,451.0736322602271
2022-11-14,Store_1,Clothing,North,325.81317032153027
2022-11-14,Store_3,Electronics,West,318.4927338308794
2022-11-15,Store_1,Clothing,South,488.3994750227545
2022-11-15,Store_3,Home & Furniture,West,186.1992896126563
2022-11-15,Store_1,Clothing,East,421.1998803497394
2022-11-15,Store_3,Home & Furniture,South,340.04830742395797
2022-11-16,Store_3,Home & Furniture,West,446.1398102413567
2022-11-16,Store_3,Electronics,East,389.15788192337914
2022-11-16,Store_3,Electronics,North,384.62112298848757
2022-11-17,Store_3,Home & Furniture,South,509.9877701206434
2022-11-17,Store_1,Home & Furniture,East,396.23305529351603
2022-11-18,Store_2,Home & Furniture,South,340.8748331946655
2022-11-18,Store_3,Grocery,West,449.9061869571406
2022-11-18,Store_3,Clothing,South,414.4717521995467
2022-11-18,Store_2,Electronics,East,370.6910241406948
2022-11-19,Store_3,Home & Furniture,North,411.43948840281763
2022-11-19,Store_2,Electronics,South,466.30126269403496
2022-11-20,Store_1,Grocery,South,554.4635084892191
2022-11-20,Store_1,Clothing,South,669.9440851371135
2022-11-20,Store_2,Clothing,East,412.98336974537847
2022-11-20,Store_2,Clothing,East,497.9982096195947
2022-11-21,Store_2,Clothing,East,413.0561587153681
2022-11-21,Store_1,Home & Furniture,South,410.7833401440413
2022-11-21,Store_3,Grocery,North,479.76601159352947
2022-11-21,Store_2,Grocery,North,266.64834370476046
2022-11-22,Store_1,Electronics,South,381.78854781080474
2022-11-22,Store_3,Electronics,West,324.17006607594175
2022-11-22,Store_3,Clothing,East,511.71233594548517
2022-11-23,Store_2,Home & Furniture,West,514.7560613790104
2022-11-23,Store_2,Grocery,South,387.8440923206459
2022-11-23,Store_3,Electronics,East,401.1598099983506
2022-11-24,Store_3,Electronics,South,295.71697390174995
2022-11-24,Store_3,Clothing,South,348.96995459789633
2022-11-24,Store_2,Electronics,South,530.7077327032447
2022-11-25,Store_2,Electronics,East,479.03285708853315
2022-11-25,Store_3,Home & Furniture,South,464.93400455274883
2022-11-25,Store_2,Home & Furniture,South,366.6471168972335
2022-11-26,Store_1,Electronics,West,531.4440620941392
2022-11-26,Store_3,Electronics,North,358.8817111699157
2022-11-26,Store_3,Electronics,South,662.8992678117631
2022-11-27,Store_2,Home & Furniture,South,466.28695251379634
2022-11-27,Store_1,Grocery,South,550.0938762101649
2022-11-28,Store_3,Electronics,East,323.24768001920575
2022-11-28,Store_1,Home & Furniture,East,381.1247325501306
2022-11-28,Store_1,Clothing,South,357.45782671328277
2022-11-28,Store_3,Home & Furniture,West,263.87279763324585
2022-11-29,Store_2,Home & Furniture,North,552.5441954646567
2022-11-29,Store_3,Electronics,North,438.4992992462465
2022-11-30,Store_2,Electronics,East,392.33564271517565
2022-11-30,Store_2,Home & Furniture,East,378.89387316366475
2022-11-30,Store_2,Electronics,East,534.6669430061415
2022-11-30,Store_2,Grocery,West,374.2015462522249
2022-12-01,Store_3,Home & Furniture,East,433.8750325580303
2022-12-01,Store_3,Electronics,West,437.4474048767633
2022-12-01,Store_1,Clothing,West,439.8248061824571
2022-12-01,Store_3,Grocery,West,302.23189618182073
2022-12-02,Store_1,Grocery,East,372.76447698895487
2022-12-02,Store_1,Clothing,North,521.8371460790254
2022-12-02,Store_2,Clothing,East,370.6216221879122
2022-12-02,Store_2,Grocery,West,513.2625941059118
2022-12-03,Store_2,Grocery,East,585.4626278945391
2022-12-03,Store_2,Home & Furniture,East,548.6387126154453
2022-12-03,Store_2,Home & Furniture,East,395.15977505129496
2022-12-04,Store_3,Grocery,West,577.8784920938267
2022-12-04,Store_2,Electronics,North,482.175597617917
2022-12-05,Store_2,Electronics,West,528.9354417674188
2022-12-05,Store_1,Grocery,East,532.463044342575
2022-12-05,Store_3,Electronics,East,420.26738692717277
2022-12-06,Store_3,Home & Furniture,South,390.05660882287077
2022-12-06,Store_3,Electronics,North,367.5823407169165
2022-12-06,Store_1,Electronics,East,394.8427620689818
2022-12-06,Store_2,Home & Furniture,East,429.00307355393625
2022-12-07,Store_2,Grocery,East,328.0593447188917
2022-12-07,Store_1,Electronics,North,310.6325921811126
2022-12-08,Store_3,Clothing,South,508.05745789449753
2022-12-08,Store_1,Grocery,North,251.64604844904017
2022-12-09,Store_3,Grocery,North,400.11621055400934
2022-12-09,Store_3,Grocery,North,490.28900894831816
2022-12-09,Store_1,Home & Furniture,South,463.94565756678173
2022-12-10,Store_3,Electronics,North,461.7005707160633
2022-12-10,Store_1,Grocery,West,622.4791213406664
2022-12-10,Store_2,Grocery,South,600.760197214129
2022-12-10,Store_2,Clothing,West,343.66636081626456
2022-12-11,Store_3,Grocery,South,619.5466584929471
2022-12-11,Store_2,Electronics,South,481.1597929376167
2022-12-11,Store_3,Grocery,East,532.3031734356358
2022-12-12,Store_2,Clothing,South,370.51727643971736
2022-12-12,Store_3,Electronics,North,363.8171797873488
2022-12-12,Store_3,Clothing,South,308.8674026824903
2022-12-12,Store_3,Grocery,North,285.3521168504034
2022-12-13,Store_2,Electronics,South,228.1559359473919
2022-12-13,Store_1,Home & Furniture,East,439.285795596515
2022-12-14,Store_1,Electronics,East,438.92740187891457
2022-12-14,Store_2,Electronics,East,596.8186455140426
2022-12-15,Store_3,Grocery,North,514.2844578257121
2022-12-15,Store_3,Electronics,North,426.83872289658586
2022-12-16,Store_3,Electronics,East,531.1449084568807
2022-12-16,Store_3,Electronics,North,474.5475158167101
2022-12-17,Store_1,Grocery,West,473.91922227870725
2022-12-17,Store_1,Home & Furniture,West,675.1217163138516
2022-12-17,Store_1,Clothing,West,626.6440499895667
2022-12-17,Store_3,Grocery,North,628.4176371879175
2022-12-18,Store_2,Electronics,North,455.0986983806449
2022-12-18,Store_3,Clothing,East,571.1904203297684
2022-12-18,Store_2,Clothing,West,573.1036016414039
2022-12-18,Store_2,Home & Furniture,West,519.6880711773894
2022-12-19,Store_3,Home & Furniture,West,351.92637453642635
2022-12-19,Store_1,Electronics,North,452.00320812522426
2022-12-19,Store_2,Clothing,West,521.9023021849897
2022-12-20,Store_3,Grocery,North,229.26086266775343
2022-12-20,Store_2,Home & Furniture,West,402.29023362433196
2022-12-21,Store_3,Grocery,West,458.25237842102865
2022-12-21,Store_2,Clothing,East,606.6764856270798
2022-12-21,Store_3,Grocery,East,443.113647469481
2022-12-21,Store_1,Home & Furniture,East,491.000243073893
2022-12-22,Store_1,Home & Furniture,East,493.5885743037962
2022-12-22,Store_1,Grocery,South,477.45334259905576
2022-12-22,Store_1,Home & Furniture,North,422.81403203136347
2022-12-23,Store_1,Clothing,North,479.2503758116958
2022-12-23,Store_3,Home & Furniture,West,585.3809771936272
2022-12-23,Store_1,Clothing,West,414.893071830791
2022-12-24,Store_1,Grocery,North,673.7443637147225
2022-12-24,Store_1,Home & Furniture,South,685.2299402632877
2022-12-24,Store_2,Electronics,North,466.2602939129672
2022-12-25,Store_1,Electronics,East,540.7085227662832
2022-12-25,Store_2,Home & Furniture,West,733.5181820342272
2022-12-25,Store_1,Clothing,South,492.6386026323062
2022-12-26,Store_2,Home & Furniture,South,511.0572192923408
2022-12-26,Store_1,Grocery,South,373.0170722285582
2022-12-26,Store_2,Home & Furniture,East,485.2906320734992
2022-12-27,Store_1,Home & Furniture,South,531.494481013087
2022-12-27,Store_2,Electronics,East,481.3810018086964
2022-12-27,Store_1,Electronics,South,591.8283682927743
2022-12-28,Store_1,Grocery,South,547.8493261071915
2022-12-28,Store_2,Grocery,East,526.732569923279
2022-12-29,Store_3,Clothing,West,383.7446531586312
2022-12-29,Store_2,Electronics,West,521.1068872846298
2022-12-30,Store_1,Electronics,East,494.32888433864616
2022-12-30,Store_3,Clothing,North,451.6287659657798
2022-12-31,Store_2,Home & Furniture,South,487.37627272407593
2022-12-31,Store_3,Electronics,East,508.78646394809454
2022-12-31,Store_1,Grocery,South,616.4532624533946
2023-01-01,Store_1,Home & Furniture,South,731.8386415500395
2023-01-01,Store_3,Home & Furniture,West,715.830114994231
2023-01-01,Store_1,Grocery,East,775.2609464933832
2023-01-02,Store_3,Clothing,East,441.9837527935738
2023-01-02,Store_1,Clothing,West,499.0973768315345
2023-01-03,Store_3,Electronics,East,470.02076671633586
2023-01-03,Store_1,Clothing,South,495.05854100830317
2023-01-03,Store_2,Clothing,South,507.37356853714755
2023-01-03,Store_3,Clothing,West,529.4910439025842
2023-01-04,Store_2,Clothing,East,552.4932148751002
2023-01-04,Store_2,Clothing,North,591.1013223691797
2023-01-04,Store_1,Electronics,East,540.2063567704988
2023-01-04,Store_1,Clothing,North,584.4998698223687
2023-01-05,Store_3,Home & Furniture,East,610.7770359545734
2023-01-05,Store_1,Clothing,East,500.67448093334156
2023-01-05,Store_1,Clothing,North,562.0314716518842
2023-01-05,Store_1,Grocery,East,567.2336010939722
2023-01-06,Store_1,Grocery,East,591.4388581286062
2023-01-06,Store_3,Clothing,North,435.9077325249589
2023-01-06,Store_1,Clothing,North,639.1534116864948
2023-01-06,Store_2,Grocery,South,534.8426533238774
2023-01-07,Store_1,Home & Furniture,East,686.8780809379167
2023-01-07,Store_2,Grocery,South,555.8300707622948
2023-01-07,Store_3,Electronics,North,720.0973916916107
2023-01-07,Store_2,Home & Furniture,South,662.6225168768351
2023-01-08,Store_3,Home & Furniture,West,553.8190031815777
2023-01-08,Store_2,Home & Furniture,South,808.846423626104
2023-01-08,Store_2,Clothing,West,716.8690353764915
2023-01-09,Store_3,Home & Furniture,South,466.26693201528707
2023-01-09,Store_2,Clothing,East,518.941348183747
2023-01-09,Store_3,Electronics,East,566.2038438599548
2023-01-09,Store_3,Electronics,East,530.9787108681749
2023-01-10,Store_3,Clothing,North,557.3509433008943
2023-01-10,Store_2,Grocery,West,540.2407302700531
2023-01-10,Store_1,Electronics,West,468.6488912285988
2023-01-10,Store_2,Grocery,North,379.39738505939647
2023-01-11,Store_3,Home & Furniture,South,652.4026915163331
2023-01-11,Store_2,Clothing,West,558.2157941621385
2023-01-11,Store_3,Electronics,South,528.7171555012168
2023-01-11,Store_1,Home & Furniture,West,475.96394849942885
2023-01-12,Store_1,Grocery,West,492.0053283035152
2023-01-12,Store_2,Clothing,West,625.1725045549722
2023-01-12,Store_1,Grocery,South,650.5612837674739
2023-01-12,Store_3,Grocery,West,449.93551012975433
2023-01-13,Store_3,Clothing,West,541.869168970851
2023-01-13,Store_2,Home & Furniture,South,476.5100118655679
2023-01-13,Store_2,Home & Furniture,East,563.2977315896277
2023-01-14,Store_3,Electronics,North,601.5010480375394
2023-01-14,Store_1,Clothing,South,515.9351596111059
2023-01-14,Store_1,Home & Furniture,South,671.0995248434224
2023-01-15,Store_2,Clothing,West,660.2331426147368
2023-01-15,Store_1,Clothing,South,602.8264073649285
2023-01-16,Store_2,Clothing,North,675.736660877211
2023-01-16,Store_2,Electronics,West,583.018699400503
2023-01-16,Store_2,Clothing,West,614.1455090325059
2023-01-16,Store_3,Electronics,East,710.9050917618972
2023-01-17,Store_3,Electronics,West,587.5749815946946
2023-01-17,Store_2,Home & Furniture,North,500.99368015639857
2023-01-17,Store_2,Grocery,East,696.0256680216844
2023-01-18,Store_3,Home & Furniture,North,566.9265844578856
2023-01-18,Store_3,Grocery,West,490.7226390373885
2023-01-18,Store_1,Grocery,East,637.9407744956881
2023-01-19,Store_2,Home & Furniture,North,599.6128128500753
2023-01-19,Store_2,Home & Furniture,East,529.8230942267115
2023-01-19,Store_2,Home & Furniture,East,475.86490889347124
2023-01-19,Store_2,Clothing,West,581.8972464995823
2023-01-20,Store_1,Clothing,North,666.5636151705372
2023-01-20,Store_2,Home & Furniture,North,497.34517235797847
2023-01-20,Store_3,Grocery,West,765.8557334156155
2023-01-20,Store_1,Electronics,East,748.8789955266805
2023-01-21,Store_1,Electronics,South,797.5767947458312
2023-01-21,Store_1,Electronics,East,869.7697640247189
2023-01-21,Store_2,Clothing,North,675.7816790153362
2023-01-22,Store_2,Home & Furniture,West,649.623249318052
2023-01-22,Store_3,Grocery,South,823.3122728067265
2023-01-22,Store_2,Clothing,North,850.0053122085027
2023-01-22,Store_2,Electronics,South,783.5410046447508
2023-01-23,Store_2,Electronics,East,590.6291821363376
2023-01-23,Store_3,Electronics,West,588.4332524557184
2023-01-23,Store_2,Home & Furniture,East,406.68736286414537
2023-01-24,Store_2,Clothing,North,413.5685626813075
2023-01-24,Store_3,Clothing,South,718.2733298220833
2023-01-25,Store_1,Grocery,North,549.1711013459944
2023-01-25,Store_1,Home & Furniture,West,419.68394558463933
2023-01-26,Store_2,Grocery,East,553.2595661192659
2023-01-26,Store_3,Clothing,East,496.1495713868576
2023-01-26,Store_2,Electronics,North,494.0322397230679
2023-01-26,Store_1,Home & Furniture,East,635.0259623466678
2023-01-27,Store_1,Home & Furniture,East,474.88864100010716
2023-01-27,Store_2,Home & Furniture,North,505.05924297410365
2023-01-27,Store_1,Electronics,East,540.4275330914483
2023-01-28,Store_3,Home & Furniture,East,599.8327373893155
2023-01-28,Store_2,Clothing,West,896.2019232686291
2023-01-28,Store_2,Home & Furniture,South,947.6170790597062
2023-01-29,Store_3,Home & Furniture,South,681.9897522943593
2023-01-29,Store_1,Home & Furniture,South,873.8220564868312
2023-01-29,Store_3,Home & Furniture,South,877.5616988820823
2023-01-30,Store_2,Home & Furniture,East,681.8253224132073
2023-01-30,Store_1,Grocery,South,564.4751096462286
2023-01-30,Store_1,Clothing,West,533.1176625989483
2023-01-30,Store_2,Home & Furniture,East,561.2804021695661
2023-01-31,Store_3,Home & Furniture,West,509.35860935979167
2023-01-31,Store_2,Electronics,North,514.102116529682
2023-02-01,Store_2,Clothing,South,628.5544691984144
2023-02-01,Store_2,Clothing,East,625.8269472311448
2023-02-01,Store_1,Clothing,South,662.6990792869649
2023-02-01,Store_2,Clothing,South,693.2311360482959
2023-02-02,Store_3,Grocery,West,598.4763005178714
2023-02-02,Store_3,Home & Furniture,North,543.1526024335592
2023-02-02,Store_2,Electronics,South,688.5719511803424
2023-02-02,Store_1,Home & Furniture,North,565.2828176625387
2023-02-03,Store_1,Grocery,North,525.9624512127037
2023-02-03,Store_3,Grocery,South,464.8387985896426
2023-02-03,Store_2,Home & Furniture,East,632.0916513048377
2023-02-04,Store_2,Electronics,South,917.1537225278803
2023-02-04,Store_1,Clothing,West,986.8480273728442
2023-02-04,Store_3,Grocery,West,702.4541615744022
2023-02-05,Store_3,Home & Furniture,South,820.608714920881
2023-02-05,Store_3,Clothing,North,870.1383360741127
2023-02-05,Store_1,Grocery,North,810.4688446826308
2023-02-05,Store_3,Electronics,South,779.27207518584
2023-02-06,Store_1,Electronics,East,567.7029808715537
2023-02-06,Store_3,Grocery,East,740.2568618124385
2023-02-07,Store_2,Electronics,East,669.8648396544239
2023-02-07,Store_1,Grocery,West,653.103187180304
2023-02-07,Store_2,Grocery,North,748.9356415882123
2023-02-07,Store_3,Home & Furniture,North,575.7316159323149
2023-02-08,Store_3,Grocery,West,590.820272801268
2023-02-08,Store_1,Clothing,South,626.8065848959536
2023-02-09,Store_2,Electronics,East,642.8486068082195
2023-02-09,Store_1,Home & Furniture,West,619.5955650789018
2023-02-09,Store_2,Clothing,North,733.1501919814107
2023-02-10,Store_2,Electronics,West,534.9815161254667
2023-02-10,Store_2,Electronics,South,645.5120202561866
2023-02-11,Store_1,Clothing,South,764.2457885564079
2023-02-11,Store_1,Clothing,North,686.6852739520922
2023-02-11,Store_3,Home & Furniture,South,627.5718639746688
2023-02-11,Store_1,Grocery,South,781.6188401239594
2023-02-12,Store_3,Electronics,South,1016.369502505944
2023-02-12,Store_2,Grocery,East,676.5019725822082
2023-02-13,Store_2,Grocery,North,642.1292911719012
2023-02-13,Store_3,Home & Furniture,West,673.1603535089492
2023-02-13,Store_3,Clothing,West,658.744374547399
2023-02-14,Store_1,Clothing,East,567.3310127397167
2023-02-14,Store_2,Home & Furniture,West,698.8718680457853
2023-02-14,Store_1,Electronics,North,552.5627698400727
2023-02-14,Store_2,Grocery,West,767.5755447219739
2023-02-15,Store_1,Home & Furniture,East,613.7922393956327
2023-02-15,Store_3,Home & Furniture,West,546.1593623702678
2023-02-15,Store_2,Home & Furniture,North,610.6768675158538
2023-02-16,Store_3,Clothing,East,523.5711829247211
2023-02-16,Store_1,Clothing,North,670.4562645663216
2023-02-16,Store_1,Electronics,West,464.23822305974693
2023-02-17,Store_2,Grocery,South,594.0279287227685
2023-02-17,Store_1,Clothing,West,806.2718104598017
2023-02-17,Store_2,Clothing,South,675.1588049844537
2023-02-17,Store_2,Home & Furniture,South,665.805360941049
2023-02-18,Store_2,Home & Furniture,West,818.3657665213616
2023-02-18,Store_2,Grocery,East,844.5050364324611
2023-02-19,Store_1,Electronics,South,1011.3530021721004
2023-02-19,Store_3,Clothing,East,658.0896707641622
2023-02-19,Store_2,Clothing,East,926.1695889347798
2023-02-20,Store_1,Electronics,East,568.640190185032
2023-02-20,Store_1,Home & Furniture,South,749.3366345747991
2023-02-21,Store_2,Home & Furniture,East,570.3106260355568
2023-02-21,Store_3,Electronics,East,642.1968268722434
2023-02-21,Store_2,Electronics,East,641.801611783336
2023-02-22,Store_1,Clothing,South,549.0493109339226
2023-02-22,Store_3,Home & Furniture,West,554.7378078506636
2023-02-23,Store_2,Electronics,West,706.0634425289893
2023-02-23,Store_3,Electronics,South,675.2165690331475
2023-02-23,Store_2,Grocery,North,575.8649769689446
2023-02-23,Store_3,Electronics,North,574.3399470848065
2023-02-24,Store_3,Home & Furniture,West,764.9197031051999
2023-02-24,Store_3,Electronics,North,623.6228930937492
2023-02-24,Store_2,Electronics,East,613.3344584290866
2023-02-25,Store_2,Home & Furniture,North,769.4751435496496
2023-02-25,Store_2,Grocery,South,762.9006418723994
2023-02-25,Store_3,Grocery,East,823.2217215202693
2023-02-25,Store_1,Clothing,South,719.1294496966921
2023-02-26,Store_3,Home & Furniture,South,794.2014151240606
2023-02-26,Store_1,Home & Furniture,East,974.798355887074
2023-02-26,Store_3,Clothing,East,1118.7353723443741
2023-02-27,Store_2,Clothing,West,772.1487364977431
2023-02-27,Store_3,Electronics,East,653.4306385266983
2023-02-27,Store_1,Electronics,West,601.342609975504
2023-02-27,Store_2,Home & Furniture,West,638.4470395611713
2023-02-28,Store_1,Clothing,West,652.6491760434344
2023-02-28,Store_2,Grocery,East,589.355362732703
2023-02-28,Store_1,Home & Furniture,West,592.1297474262058
2023-03-01,Store_3,Grocery,West,517.1794186530766
2023-03-01,Store_3,Electronics,South,617.7142974919664
2023-03-02,Store_1,Home & Furniture,North,722.1666365038548
2023-03-02,Store_2,Clothing,West,730.6367858158117
2023-03-03,Store_1,Grocery,West,811.0257735355472
2023-03-03,Store_2,Electronics,East,605.9726268551583
2023-03-03,Store_2,Grocery,North,599.518656173106
2023-03-04,Store_3,Home & Furniture,North,943.1151565205112
2023-03-04,Store_2,Home & Furniture,East,831.0668506170483
2023-03-04,Store_3,Electronics,West,731.3301090589844
2023-03-05,Store_1,Home & Furniture,East,782.6950799828694
2023-03-05,Store_2,Clothing,North,893.3820982983292
2023-03-06,Store_2,Electronics,South,584.1830822163437
2023-03-06,Store_1,Grocery,East,751.4219890815775
2023-03-06,Store_1,Electronics,North,728.344070011909
2023-03-07,Store_3,Clothing,North,770.637426351018
2023-03-07,Store_2,Grocery,South,652.0565492879609
2023-03-07,Store_1,Home & Furniture,West,801.224885859889
2023-03-07,Store_3,Clothing,West,671.7163656478037
2023-03-08,Store_3,Clothing,North,685.7705692982987
2023-03-08,Store_2,Clothing,South,606.6402871779629
2023-03-09,Store_3,Grocery,East,630.0346464666444
2023-03-09,Store_2,Clothing,North,647.94578810487
2023-03-09,Store_2,Grocery,North,755.7721387150979
2023-03-10,Store_2,Home & Furniture,North,547.8726878969023
2023-03-10,Store_1,Grocery,West,831.7228153518149
2023-03-10,Store_1,Grocery,South,672.6234164747351
2023-03-11,Store_1,Grocery,West,934.9218960114281
2023-03-11,Store_2,Clothing,East,855.3150409946959
2023-03-11,Store_1,Home & Furniture,South,864.27203629985
2023-03-11,Store_1,Home & Furniture,South,930.9833761582378
2023-03-12,Store_2,Home & Furniture,North,765.9649607033319
2023-03-12,Store_2,Clothing,South,782.9939235217113
2023-03-13,Store_1,Grocery,South,842.0328044566063
2023-03-13,Store_1,Grocery,South,818.8947256093828
2023-03-13,Store_2,Electronics,South,845.210641349252
2023-03-13,Store_2,Home & Furniture,South,710.2048033682672
2023-03-14,Store_1,Home & Furniture,South,664.047098558703
2023-03-14,Store_1,Home & Furniture,North,842.3360436681244
2023-03-14,Store_1,Home & Furniture,West,709.7968531705939
2023-03-15,Store_1,Clothing,West,568.146523376361
2023-03-15,Store_3,Electronics,West,731.8177244820026
2023-03-15,Store_3,Clothing,South,627.070782579485
2023-03-16,Store_1,Electronics,East,662.1958003270132
2023-03-16,Store_3,Home & Furniture,North,534.6259203409503
2023-03-16,Store_1,Grocery,East,748.9234506558947
2023-03-17,Store_3,Home & Furniture,West,747.7588742164675
2023-03-17,Store_3,Grocery,East,667.9748981432285
2023-03-17,Store_2,Grocery,South,739.8643871212217
2023-03-18,Store_1,Clothing,West,704.1535866946726
2023-03-18,Store_2,Clothing,North,965.4910260765114
2023-03-18,Store_3,Grocery,South,1189.8784995830758
2023-03-18,Store_1,Home & Furniture,East,739.8213245474385
2023-03-19,Store_3,Home & Furniture,East,1059.6217805014453
2023-03-19,Store_3,Home & Furniture,South,820.5143829933206
2023-03-20,Store_1,Clothing,South,680.8619178433811
2023-03-20,Store_2,Electronics,West,536.5824541523118
2023-03-20,Store_2,Home & Furniture,North,674.9728535082173
2023-03-20,Store_3,Electronics,East,616.6717093985299
2023-03-21,Store_1,Clothing,West,809.74582896567
2023-03-21,Store_1,Home & Furniture,North,705.6920545425903
2023-03-22,Store_3,Electronics,North,683.1866839261289
2023-03-22,Store_2,Grocery,West,667.9777420148996
2023-03-22,Store_3,Grocery,East,730.2104463985346
2023-03-23,Store_3,Home & Furniture,East,771.1830229327555
2023-03-23,Store_3,Home & Furniture,East,637.1568061294656
2023-03-23,Store_2,Grocery,East,573.5530464745192
2023-03-23,Store_3,Grocery,South,718.1079669764916
2023-03-24,Store_2,Electronics,South,644.072551279103
2023-03-24,Store_1,Clothing,West,575.9642962561852
2023-03-24,Store_3,Home & Furniture,East,609.6954693175187
2023-03-24,Store_3,Clothing,North,708.8370597195468
2023-03-25,Store_3,Clothing,North,1013.090799565618
2023-03-25,Store_1,Grocery,North,985.8783446793706
2023-03-26,Store_3,Grocery,South,973.6873561233532
2023-03-26,Store_3,Home & Furniture,South,927.8914030049904
2023-03-27,Store_3,Clothing,North,657.6320894833457
2023-03-27,Store_2,Electronics,South,671.9111690417495
2023-03-28,Store_2,Clothing,South,705.7511569991632
2023-03-28,Store_1,Clothing,West,529.1662670684461
2023-03-29,Store_3,Grocery,West,607.4204919746533
2023-03-29,Store_1,Clothing,South,564.699536462256
2023-03-29,Store_2,Home & Furniture,South,826.3652664110808
2023-03-30,Store_3,Electronics,South,610.4276950289791
2023-03-30,Store_1,Electronics,South,647.8885453756302
2023-03-30,Store_2,Electronics,East,732.6949314660922
2023-03-31,Store_2,Home & Furniture,North,632.866248158869
2023-03-31,Store_3,Grocery,South,659.6691703305883
2023-04-01,Store_1,Clothing,West,897.3797632833395
2023-04-01,Store_1,Home & Furniture,East,867.6123902336798
2023-04-02,Store_2,Electronics,South,1116.8102057373446
2023-04-02,Store_1,Home & Furniture,East,944.7266708117515
2023-04-02,Store_1,Electronics,East,886.9227189303289
2023-04-03,Store_2,Home & Furniture,East,607.9595273202016
2023-04-03,Store_2,Clothing,South,585.2741264826303
2023-04-03,Store_2,Home & Furniture,South,700.863515129484
2023-04-04,Store_1,Clothing,South,715.41448164127
2023-04-04,Store_2,Clothing,South,691.8683270178623
2023-04-04,Store_2,Clothing,North,744.5421080378441
2023-04-05,Store_3,Grocery,North,634.5010042237795
2023-04-05,Store_2,Clothing,East,731.4790468628574
2023-04-05,Store_1,Grocery,North,660.4442935331509
2023-04-06,Store_1,Clothing,South,728.1729975463938
2023-04-06,Store_3,Electronics,West,581.4928693314936
2023-04-06,Store_3,Grocery,West,709.8633457043768
2023-04-06,Store_2,Electronics,South,652.1663896314419
2023-04-07,Store_3,Home & Furniture,East,664.9579547869556
2023-04-07,Store_2,Home & Furniture,North,736.7095262091384
2023-04-08,Store_3,Grocery,South,934.5139407931765
2023-04-08,Store_1,Clothing,North,1052.238113759294
2023-04-08,Store_3,Clothing,North,896.7008179543836
2023-04-09,Store_2,Electronics,South,920.3001436811072
2023-04-09,Store_2,Electronics,West,922.8238612061953
2023-04-10,Store_2,Clothing,East,648.6057128458028
2023-04-10,Store_3,Clothing,East,812.3653125478346
2023-04-10,Store_3,Grocery,West,582.3173803366084
2023-04-10,Store_3,Grocery,North,742.1307340118551
2023-04-11,Store_3,Clothing,West,581.3024457914668
2023-04-11,Store_3,Home & Furniture,East,630.8754209523745
2023-04-12,Store_3,Electronics,West,646.8491858968854
2023-04-12,Store_1,Home & Furniture,South,832.2431406208657
2023-04-13,Store_1,Electronics,East,847.7058339109469
2023-04-13,Store_1,Home & Furniture,North,709.9456806438119
2023-04-14,Store_3,Home & Furniture,South,588.2640750163991
2023-04-14,Store_2,Home & Furniture,North,530.0112731627227
2023-04-14,Store_1,Home & Furniture,South,539.2636074732524
2023-04-15,Store_1,Clothing,East,732.4398197080621
2023-04-15,Store_2,Clothing,North,915.1891584409349
2023-04-15,Store_2,Clothing,West,1004.4435482909207
2023-04-16,Store_1,Home & Furniture,East,682.6765416348628
2023-04-16,Store_1,Home & Furniture,West,1021.0079018000217
2023-04-16,Store_1,Home & Furniture,South,825.897581968764
2023-04-16,Store_3,Grocery,North,907.1049525597949
2023-04-17,Store_1,Electronics,West,731.9603897622775
2023-04-17,Store_2,Grocery,East,732.3900447018951
2023-04-18,Store_2,Clothing,East,648.9182263920466
2023-04-18,Store_3,Electronics,East,665.8690890335378
2023-04-19,Store_3,Clothing,East,806.4990361197854
2023-04-19,Store_2,Electronics,West,730.9533906679497
2023-04-19,Store_1,Electronics,East,662.8727230395725
2023-04-19,Store_2,Clothing,South,744.8680344700317
2023-04-20,Store_3,Electronics,East,805.2313151181544
2023-04-20,Store_2,Electronics,North,628.8578575041356
2023-04-20,Store_2,Clothing,South,692.7528746020951
2023-04-20,Store_2,Electronics,South,645.6228338742638
2023-04-21,Store_2,Grocery,West,854.7663993116396
2023-04-21,Store_1,Grocery,West,791.1116089256285
2023-04-21,Store_3,Clothing,South,739.1998234545143
2023-04-21,Store_3,Clothing,East,798.0001072191892
2023-04-22,Store_1,Clothing,South,772.0400830735271
2023-04-22,Store_1,Clothing,East,770.8396552392335
2023-04-22,Store_3,Electronics,West,920.9980110569417
2023-04-23,Store_3,Grocery,East,872.9055487980299
2023-04-23,Store_1,Electronics,North,718.3290061478546
2023-04-23,Store_1,Electronics,North,756.8718881653919
2023-04-24,Store_1,Grocery,North,654.9333724713158
2023-04-24,Store_2,Electronics,South,697.914964840807
2023-04-24,Store_2,Electronics,South,655.3098956348936
2023-04-24,Store_2,Electronics,East,668.7125366838548
2023-04-25,Store_2,Home & Furniture,East,709.1076164338396
2023-04-25,Store_3,Grocery,West,674.4664810106195
2023-04-25,Store_1,Home & Furniture,North,579.5794161362129
2023-04-26,Store_1,Electronics,North,742.1566516898332
2023-04-26,Store_2,Clothing,South,578.0150797063917
2023-04-27,Store_3,Clothing,North,762.2385055074004
2023-04-27,Store_2,Clothing,North,562.5153756933089
2023-04-28,Store_3,Grocery,South,603.632206596854
2023-04-28,Store_1,Electronics,North,640.2988430746375
2023-04-29,Store_1,Home & Furniture,East,809.2563348739109
2023-04-29,Store_3,Clothing,South,895.7407308323438
2023-04-29,Store_2,Home & Furniture,West,958.6559238573595
2023-04-30,Store_1,Clothing,East,977.4686924523983
2023-04-30,Store_1,Electronics,South,982.6391466378253
2023-05-01,Store_3,Clothing,North,649.6089588333433
2023-05-01,Store_3,Grocery,East,665.7528804847431
2023-05-02,Store_1,Electronics,West,752.5819482242152
2023-05-02,Store_3,Grocery,West,724.5882147987214
2023-05-02,Store_1,Grocery,North,643.5148741308113
2023-05-03,Store_1,Home & Furniture,West,632.955244337203
2023-05-03,Store_1,Home & Furniture,North,641.6004601264851
2023-05-03,Store_3,Grocery,South,733.4348340724821
2023-05-03,Store_3,Clothing,West,607.5924834165611
2023-05-04,Store_2,Clothing,North,652.8350593236438
2023-05-04,Store_3,Clothing,North,609.8724660704079
2023-05-04,Store_3,Electronics,North,633.4582637467049
2023-05-04,Store_2,Electronics,North,596.7809348667975
2023-05-05,Store_2,Clothing,South,557.3563397652423
2023-05-05,Store_3,Grocery,East,695.3034879119035
2023-05-05,Store_3,Grocery,East,770.4059862074125
2023-05-06,Store_2,Clothing,South,944.3190424863384
2023-05-06,Store_3,Electronics,West,876.2304819663026
2023-05-06,Store_3,Clothing,East,872.731063360848
2023-05-06,Store_3,Grocery,East,906.7352022229899
2023-05-07,Store_1,Home & Furniture,East,767.5377998354521
2023-05-07,Store_2,Home & Furniture,West,945.6903155606099
2023-05-08,Store_2,Electronics,East,613.5369179861272
2023-05-08,Store_2,Home & Furniture,South,605.2437769166246
2023-05-08,Store_3,Grocery,North,731.9078354252385
2023-05-08,Store_2,Home & Furniture,East,629.749805325375
2023-05-09,Store_3,Clothing,South,647.0883038184037
2023-05-09,Store_2,Electronics,South,738.4253840034031
2023-05-09,Store_3,Grocery,West,610.0215586992746
2023-05-10,Store_3,Home & Furniture,East,569.6007476023024
2023-05-10,Store_2,Clothing,East,717.6020683434512
2023-05-11,Store_2,Home & Furniture,East,657.6942172615267
2023-05-11,Store_3,Clothing,South,668.49061813999
2023-05-12,Store_3,Home & Furniture,South,658.633481838244
2023-05-12,Store_3,Home & Furniture,East,640.7582834542477
2023-05-13,Store_1,Grocery,East,901.7643634251377
2023-05-13,Store_1,Electronics,East,947.4438486863784
2023-05-14,Store_3,Home & Furniture,East,993.8590826708919
2023-05-14,Store_2,Clothing,West,830.959122561824
2023-05-14,Store_1,Clothing,East,1035.3134395817576
2023-05-14,Store_1,Home & Furniture,West,813.486688474733
2023-05-15,Store_2,Clothing,East,521.7103914343999
2023-05-15,Store_2,Clothing,East,717.73214271451
2023-05-15,Store_3,Clothing,South,615.1724693402039
2023-05-15,Store_3,Electronics,North,687.6562100187961
2023-05-16,Store_2,Home & Furniture,North,601.5700216338282
2023-05-16,Store_1,Electronics,South,751.7115970445639
2023-05-16,Store_1,Electronics,South,528.6626208257102
2023-05-17,Store_2,Clothing,North,535.851456707235
2023-05-17,Store_3,Grocery,South,587.4306878689122
2023-05-17,Store_1,Electronics,South,630.7771013852342
2023-05-18,Store_1,Electronics,North,514.3820215000521
2023-05-18,Store_2,Clothing,North,778.3259522682081
2023-05-19,Store_1,Home & Furniture,South,556.5223936534234
2023-05-19,Store_3,Grocery,West,782.3356022919643
2023-05-19,Store_2,Electronics,East,474.6756527443122
2023-05-20,Store_1,Electronics,West,838.7832342752945
2023-05-20,Store_2,Electronics,South,740.8149216079881
2023-05-21,Store_3,Home & Furniture,South,1095.747627392725
2023-05-21,Store_3,Electronics,South,870.1378026885221
2023-05-22,Store_2,Electronics,South,682.776997460164
2023-05-22,Store_1,Home & Furniture,West,554.5080277518759
2023-05-22,Store_1,Grocery,East,689.8090284489153
2023-05-22,Store_2,Electronics,East,742.7195592723981
2023-05-23,Store_2,Home & Furniture,South,507.8219923557984
2023-05-23,Store_2,Grocery,North,617.2335322647231
2023-05-23,Store_1,Electronics,East,589.4491641060401
2023-05-24,Store_2,Clothing,South,638.9766410960201
2023-05-24,Store_3,Grocery,South,636.3456515076963
2023-05-24,Store_3,Home & Furniture,South,579.2078041346075
2023-05-24,Store_2,Clothing,West,626.3734896833926
2023-05-25,Store_2,Electronics,West,640.1867272779001
2023-05-25,Store_2,Clothing,North,490.27686331222833
2023-05-25,Store_3,Clothing,West,542.2955304627245
2023-05-26,Store_3,Home & Furniture,East,721.8376850132753
2023-05-26,Store_2,Clothing,North,510.42411161557607
2023-05-26,Store_3,Home & Furniture,East,630.3365198225541
2023-05-27,Store_2,Electronics,East,894.8619814956857
2023-05-27,Store_1,Grocery,South,767.8390251293451
2023-05-27,Store_2,Clothing,South,751.7457932005051
2023-05-28,Store_2,Grocery,East,895.8671016461734
2023-05-28,Store_2,Clothing,West,843.7876740354897
2023-05-29,Store_3,Electronics,West,565.0039331714512
2023-05-29,Store_3,Electronics,South,745.8343425942901
2023-05-29,Store_2,Home & Furniture,West,595.5503134523485
2023-05-29,Store_3,Home & Furniture,East,595.9012712372989
2023-05-30,Store_2,Electronics,West,623.1134778783207
2023-05-30,Store_3,Grocery,South,579.0596111732704
2023-05-30,Store_2,Electronics,North,732.5412182678624
2023-05-31,Store_1,Home & Furniture,North,641.4479883898831
2023-05-31,Store_2,Clothing,North,684.7174445792461
2023-06-01,Store_1,Electronics,East,582.5969426798933
2023-06-01,Store_3,Grocery,North,540.8685216038589
2023-06-01,Store_1,Clothing,West,569.6229875201176
2023-06-02,Store_1,Electronics,North,587.3562257197511
2023-06-02,Store_3,Grocery,East,700.6964036789142
2023-06-02,Store_2,Electronics,South,598.4137572073214
2023-06-02,Store_1,Grocery,North,647.1705367693755
2023-06-03,Store_1,Clothing,East,907.7528638376083
2023-06-03,Store_2,Clothing,East,801.5166186490459
2023-06-04,Store_1,Electronics,South,858.164687846957
2023-06-04,Store_2,Clothing,South,824.6409711763099
2023-06-05,Store_2,Home & Furniture,North,605.456272368688
2023-06-05,Store_2,Clothing,East,510.6600961892794
2023-06-05,Store_3,Grocery,East,563.2791404393067
2023-06-06,Store_1,Home & Furniture,South,713.5012488300351
2023-06-06,Store_3,Grocery,South,597.9252284692593
2023-06-07,Store_1,Clothing,North,608.5121555324249
2023-06-07,Store_3,Home & Furniture,South,394.2735611165749
2023-06-07,Store_3,Grocery,North,592.3411213590142
2023-06-08,Store_3,Electronics,South,519.627479839949
2023-06-08,Store_2,Home & Furniture,North,595.909715638351
2023-06-09,Store_1,Electronics,South,462.978215957399
2023-06-09,Store_1,Home & Furniture,North,460.6181743172543
2023-06-10,Store_1,Grocery,West,683.7283156790938
2023-06-10,Store_1,Electronics,South,915.5484638585901
2023-06-11,Store_1,Home & Furniture,South,805.0142030514888
2023-06-11,Store_1,Electronics,South,595.2761210784307
2023-06-11,Store_1,Electronics,South,756.2663909809428
2023-06-11,Store_2,Clothing,West,662.964574918651
2023-06-12,Store_3,Home & Furniture,North,661.2336431979919
2023-06-12,Store_1,Clothing,East,565.1962334040448
2023-06-12,Store_2,Home & Furniture,South,406.75855187282485
2023-06-12,Store_1,Grocery,West,418.3782097664464
2023-06-13,Store_3,Grocery,North,491.3959803455756
2023-06-13,Store_1,Home & Furniture,North,574.0653097774815
2023-06-14,Store_3,Clothing,North,627.3115229359952
2023-06-14,Store_1,Grocery,East,527.8983432897861
2023-06-14,Store_2,Grocery,West,639.4731098713829
2023-06-14,Store_2,Electronics,North,593.6898296788369
2023-06-15,Store_2,Grocery,West,586.4173069107204
2023-06-15,Store_3,Home & Furniture,South,663.5253516945683
2023-06-16,Store_1,Grocery,East,407.7463318439436
2023-06-16,Store_1,Grocery,North,571.1044118567909
2023-06-16,Store_1,Home & Furniture,East,478.9771363803965
2023-06-16,Store_2,Clothing,South,558.8939591450369
2023-06-17,Store_2,Electronics,West,613.6229064448738
2023-06-17,Store_2,Home & Furniture,South,718.6303885248561
2023-06-17,Store_2,Home & Furniture,South,771.344145905048
2023-06-18,Store_2,Home & Furniture,West,788.1584350497092
2023-06-18,Store_2,Home & Furniture,West,586.3830724791616
2023-06-19,Store_2,Home & Furniture,West,541.6976724625514
2023-06-19,Store_2,Home & Furniture,East,600.518858384436
2023-06-19,Store_2,Electronics,West,642.6645751444519
2023-06-19,Store_2,Grocery,West,436.0819912895872
2023-06-20,Store_3,Home & Furniture,West,414.08462144755913
2023-06-20,Store_3,Grocery,West,621.4080168162575
2023-06-20,Store_3,Clothing,West,582.3449701947056
2023-06-20,Store_3,Grocery,North,573.5894777835614
2023-06-21,Store_3,Electronics,South,509.0014781081313
2023-06-21,Store_1,Grocery,North,556.4044351557656
2023-06-21,Store_2,Home & Furniture,South,590.4481691550416
2023-06-21,Store_1,Clothing,East,576.1148588248617
2023-06-22,Store_2,Home & Furniture,East,604.4125802530343
2023-06-22,Store_2,Grocery,North,446.52758044013024
2023-06-22,Store_1,Home & Furniture,East,578.96930991852
2023-06-23,Store_1,Grocery,South,572.6363562603035
2023-06-23,Store_2,Electronics,East,574.4579805756512
2023-06-23,Store_2,Home & Furniture,North,553.24172771706
2023-06-24,Store_3,Clothing,East,550.9272663577729
2023-06-24,Store_1,Clothing,West,722.947757817343
2023-06-24,Store_3,Home & Furniture,North,1011.2884265269281
2023-06-25,Store_1,Home & Furniture,West,562.1879623947225
2023-06-25,Store_2,Grocery,North,879.0697045134358
2023-06-25,Store_2,Electronics,West,598.4713849697082
2023-06-26,Store_2,Grocery,South,397.71340793383564
2023-06-26,Store_2,Electronics,West,454.8219907314539
2023-06-26,Store_2,Grocery,South,586.8769073594963
2023-06-27,Store_3,Grocery,South,479.9686278107457
2023-06-27,Store_1,Home & Furniture,South,446.3978074494979
2023-06-28,Store_1,Grocery,East,509.54637635803186
2023-06-28,Store_1,Home & Furniture,West,295.6913249449366
2023-06-29,Store_3,Grocery,South,458.2136824118013
2023-06-29,Store_2,Grocery,North,475.2798362138499
2023-06-29,Store_3,Clothing,South,598.187674660121
2023-06-30,Store_2,Clothing,North,599.3672660269935
2023-06-30,Store_1,Grocery,West,488.1573978063412
2023-07-01,Store_2,Grocery,South,612.0464751924428
2023-07-01,Store_1,Grocery,West,746.520658302164
2023-07-01,Store_1,Clothing,South,599.9095011465353
2023-07-01,Store_2,Grocery,West,505.43493905192753
2023-07-02,Store_2,Clothing,South,814.0101444669606
2023-07-02,Store_1,Grocery,East,731.1835405052256
2023-07-03,Store_1,Home & Furniture,West,430.08584626795323
2023-07-03,Store_2,Electronics,North,571.3725668654263
2023-07-03,Store_1,Grocery,South,564.726592120536
2023-07-04,Store_1,Clothing,North,488.96333207665407
2023-07-04,Store_2,Grocery,East,498.0507307368151
2023-07-04,Store_2,Clothing,West,369.78149695441846
2023-07-05,Store_2,Clothing,North,597.5608374205207
2023-07-05,Store_3,Grocery,South,357.3271174476116
2023-07-05,Store_2,Home & Furniture,North,406.3817189501329
2023-07-06,Store_1,Electronics,North,501.0316458593434
2023-07-06,Store_1,Electronics,South,533.5674382146134
2023-07-06,Store_2,Clothing,South,415.61033337066965
2023-07-06,Store_3,Clothing,East,648.4886984432706
2023-07-07,Store_2,Electronics,West,458.22238634108214
2023-07-07,Store_1,Clothing,North,526.1434864500209
2023-07-08,Store_1,Electronics,North,483.26362784230724
2023-07-08,Store_1,Clothing,West,590.8047644292967
2023-07-09,Store_1,Grocery,North,578.9156914061444
2023-07-09,Store_2,Home & Furniture,West,350.66841564531035
2023-07-09,Store_3,Electronics,South,631.2352872063578
2023-07-09,Store_2,Clothing,South,633.89732193787
2023-07-10,Store_1,Electronics,East,504.2317710747385
2023-07-10,Store_3,Grocery,East,552.2550736349339
2023-07-10,Store_1,Clothing,South,532.4601964537104
2023-07-11,Store_3,Grocery,West,454.51411872222565
2023-07-11,Store_2,Home & Furniture,East,417.4484839910527
2023-07-11,Store_1,Clothing,West,575.5244288053478
2023-07-11,Store_2,Home & Furniture,North,538.3338924990803
2023-07-12,Store_3,Clothing,South,542.7604973693464
2023-07-12,Store_3,Electronics,East,495.5724196639647
2023-07-12,Store_1,Electronics,East,515.5818716978916
2023-07-12,Store_1,Grocery,East,338.8800407658042
2023-07-13,Store_2,Electronics,West,390.06869818270485
2023-07-13,Store_3,Clothing,West,346.77977066679455
2023-07-13,Store_3,Grocery,North,537.2887511991172
2023-07-14,Store_2,Clothing,South,473.9040850240909
2023-07-14,Store_3,Clothing,South,440.8010328619798
2023-07-14,Store_1,Home & Furniture,West,425.28033683089103
2023-07-15,Store_3,Home & Furniture,West,594.124904886061
2023-07-15,Store_3,Clothing,South,739.9413741226363
2023-07-15,Store_2,Home & Furniture,North,579.0262548178315
2023-07-15,Store_3,Electronics,East,709.6434981432269
2023-07-16,Store_2,Home & Furniture,East,427.80750726558983
2023-07-16,Store_2,Electronics,South,312.17829884473423
2023-07-16,Store_1,Home & Furniture,West,486.88455538642125
2023-07-16,Store_3,Home & Furniture,East,567.1733004380928
2023-07-17,Store_3,Clothing,West,465.1141994591901
2023-07-17,Store_1,Electronics,East,548.2660930445546
2023-07-17,Store_3,Grocery,North,546.82929430853
2023-07-18,Store_2,Grocery,West,444.7605023106536
2023-07-18,Store_1,Home & Furniture,East,522.8639854326318
2023-07-18,Store_1,Home & Furniture,North,386.996006779443
2023-07-19,Store_2,Home & Furniture,South,426.6271596734067
2023-07-19,Store_1,Electronics,East,479.9778879250447
2023-07-19,Store_2,Clothing,West,432.74612155354794
2023-07-19,Store_3,Electronics,West,518.7117037803542
2023-07-20,Store_1,Grocery,North,359.6063999566218
2023-07-20,Store_1,Electronics,North,515.9641504332701
2023-07-21,Store_3,Clothing,East,488.15103306957724
2023-07-21,Store_2,Electronics,North,423.506852014364
2023-07-22,Store_3,Electronics,West,688.39512791524
2023-07-22,Store_2,Home & Furniture,South,765.3753960914494
2023-07-22,Store_3,Grocery,East,653.3543305591925
2023-07-23,Store_3,Home & Furniture,West,558.1559170294059
2023-07-23,Store_1,Home & Furniture,North,657.1229672592622
2023-07-24,Store_3,Grocery,North,433.8870991390109
2023-07-24,Store_1,Electronics,East,370.3932892765415
2023-07-24,Store_2,Electronics,East,298.7321606648729
2023-07-25,Store_1,Grocery,North,556.4838523021422
2023-07-25,Store_3,Home & Furniture,West,390.4513525836925
2023-07-26,Store_3,Grocery,East,411.57266543182817
2023-07-26,Store_1,Electronics,North,505.39462166531735
2023-07-27,Store_3,Clothing,West,456.9021089307835
2023-07-27,Store_3,Grocery,East,513.4447663156258
2023-07-27,Store_1,Electronics,East,462.1824500488363
2023-07-27,Store_3,Grocery,East,426.75323413712357
2023-07-28,Store_3,Grocery,North,499.251936833067
2023-07-28,Store_2,Clothing,East,484.17135212892526
2023-07-28,Store_1,Home & Furniture,South,220.5397467848591
2023-07-29,Store_1,Grocery,West,619.3207947690975
2023-07-29,Store_1,Grocery,South,477.63531023130827
2023-07-30,Store_3,Home & Furniture,South,496.479541324045
2023-07-30,Store_3,Clothing,North,661.3076122555624
2023-07-31,Store_3,Home & Furniture,West,353.94668885677845
2023-07-31,Store_3,Clothing,North,416.93579225141934
2023-08-01,Store_1,Electronics,North,231.76177873332117
2023-08-01,Store_3,Home & Furniture,South,262.386681435481
2023-08-02,Store_2,Grocery,West,399.37394042047544
2023-08-02,Store_2,Clothing,East,402.53799665433945
2023-08-02,Store_1,Electronics,South,434.50271111641666
2023-08-02,Store_2,Grocery,East,415.4953638599973
2023-08-03,Store_2,Clothing,East,476.68946368096897
2023-08-03,Store_3,Clothing,East,524.9573448743274
2023-08-03,Store_2,Electronics,South,442.65869177210965
2023-08-04,Store_3,Grocery,South,239.9493600512198
2023-08-04,Store_3,Clothing,West,343.2385108044044
2023-08-04,Store_1,Clothing,North,380.38098517974606
2023-08-05,Store_2,Electronics,West,450.03873628512633
2023-08-05,Store_3,Grocery,South,442.26928339292533
2023-08-05,Store_2,Clothing,South,403.9816511108814
2023-08-05,Store_3,Grocery,North,629.5206782842129
2023-08-06,Store_3,Home & Furniture,East,562.3913949617415
2023-08-06,Store_2,Grocery,South,528.0895424975087
2023-08-06,Store_1,Grocery,East,437.38583572242305
2023-08-06,Store_2,Grocery,South,553.7144811611537
2023-08-07,Store_2,Home & Furniture,East,348.0182039451339
2023-08-07,Store_3,Clothing,North,396.7681838833761
2023-08-08,Store_1,Clothing,North,415.08097563986087
2023-08-08,Store_3,Home & Furniture,North,295.26803790087985
2023-08-09,Store_3,Electronics,West,387.0444989060599
2023-08-09,Store_3,Electronics,West,299.013332310025
2023-08-09,Store_2,Home & Furniture,West,433.21731335031916
2023-08-10,Store_1,Home & Furniture,West,259.56535929775345
2023-08-10,Store_2,Clothing,East,205.8385420358099
2023-08-10,Store_1,Home & Furniture,South,336.0508352050636
2023-08-10,Store_2,Electronics,East,243.36833024565115
2023-08-11,Store_3,Electronics,North,281.3893694364442
2023-08-11,Store_2,Electronics,North,461.8217768129728
2023-08-11,Store_3,Clothing,South,233.89499132950937
2023-08-12,Store_3,Clothing,East,384.38062940117817
2023-08-12,Store_1,Home & Furniture,East,506.76464431604063
2023-08-12,Store_3,Electronics,North,510.71940974462495
2023-08-13,Store_2,Electronics,North,589.0311758241846
2023-08-13,Store_2,Home & Furniture,West,643.1288856661143
2023-08-14,Store_1,Home & Furniture,South,507.1465232382533
2023-08-14,Store_2,Home & Furniture,South,375.6334199560564
2023-08-15,Store_1,Clothing,West,204.06943509084635
2023-08-15,Store_1,Grocery,South,354.7149008197314
2023-08-15,Store_3,Electronics,North,516.7189236381063
2023-08-15,Store_3,Grocery,North,206.40013152402548
2023-08-16,Store_2,Home & Furniture,South,377.0460362877556
2023-08-16,Store_1,Clothing,West,332.9578239618469
2023-08-16,Store_1,Home & Furniture,North,358.8387743181777
2023-08-16,Store_2,Grocery,East,313.4358468124252
2023-08-17,Store_1,Electronics,South,364.19870695602623
2023-08-17,Store_3,Clothing,West,330.5500171886302
2023-08-18,Store_2,Clothing,North,316.4642377743855
2023-08-18,Store_2,Grocery,East,224.10598043092148
2023-08-18,Store_1,Electronics,West,601.499791459717
2023-08-19,Store_1,Clothing,West,304.9802849043437
2023-08-19,Store_1,Clothing,South,473.623580754423
2023-08-19,Store_2,Electronics,East,475.60601871964514
2023-08-19,Store_3,Electronics,East,427.20259865137893
2023-08-20,Store_1,Clothing,West,301.54439809561467
2023-08-20,Store_2,Home & Furniture,East,571.0157958822404
2023-08-20,Store_3,Electronics,West,492.7630623016437
2023-08-21,Store_3,Home & Furniture,South,329.3970214643169
2023-08-21,Store_3,Home & Furniture,West,366.6064594149992
2023-08-22,Store_1,Clothing,East,431.4276764577367
2023-08-22,Store_2,Grocery,South,420.44627285779796
2023-08-23,Store_3,Electronics,East,364.67555836054566
2023-08-23,Store_3,Clothing,East,293.677746682529
2023-08-23,Store_3,Grocery,West,409.70398673570105
2023-08-23,Store_3,Clothing,East,281.76693298466654
2023-08-24,Store_2,Electronics,North,384.0361087283561
2023-08-24,Store_2,Grocery,West,410.8569606187756
2023-08-24,Store_1,Electronics,East,285.21792240837055
2023-08-25,Store_1,Clothing,South,216.31737807954943
2023-08-25,Store_1,Electronics,South,421.8189516507257
2023-08-25,Store_2,Clothing,West,381.1442166692456
2023-08-26,Store_3,Home & Furniture,North,358.5114121638012
2023-08-26,Store_1,Clothing,West,398.7487516477845
2023-08-26,Store_2,Grocery,East,437.21945097809567
2023-08-27,Store_2,Grocery,South,473.71185562811894
2023-08-27,Store_3,Home & Furniture,West,557.1859051015579
2023-08-27,Store_1,Electronics,East,406.80325731015546
2023-08-28,Store_2,Grocery,East,376.96578186204505
2023-08-28,Store_2,Electronics,North,387.23332078968303
2023-08-28,Store_2,Grocery,North,262.5538438903954
2023-08-29,Store_1,Grocery,North,338.9411448821244
2023-08-29,Store_1,Home & Furniture,South,340.87379800352494
2023-08-29,Store_2,Clothing,South,280.8794260572686
2023-08-30,Store_3,Clothing,West,236.56623655297295
2023-08-30,Store_1,Grocery,North,222.48529766781013
2023-08-31,Store_3,Electronics,North,383.8722173428419
2023-08-31,Store_2,Clothing,South,287.3674583120535
2023-08-31,Store_2,Grocery,North,257.8313859727444
2023-08-31,Store_1,Electronics,East,299.9343610974854
2023-09-01,Store_1,Grocery,North,327.6482149794394
2023-09-01,Store_3,Grocery,North,260.157607681254
2023-09-02,Store_2,Grocery,East,555.8753277878442
2023-09-02,Store_2,Home & Furniture,South,477.7957436102769
2023-09-02,Store_1,Electronics,North,487.51965467380006
2023-09-03,Store_1,Electronics,West,465.89471997490864
2023-09-03,Store_2,Home & Furniture,West,487.32612847213454
2023-09-03,Store_1,Grocery,North,490.89280163031543
2023-09-03,Store_3,Home & Furniture,West,371.17853277746843
2023-09-04,Store_1,Clothing,South,290.9577662517238
2023-09-04,Store_2,Clothing,North,334.5829285931246
2023-09-04,Store_3,Grocery,East,394.3162077565114
2023-09-04,Store_1,Grocery,North,187.60741555880728
2023-09-05,Store_3,Grocery,North,296.0071346616635
2023-09-05,Store_2,Electronics,West,213.3138552025032
2023-09-06,Store_1,Home & Furniture,West,361.40210252305906
2023-09-06,Store_2,Clothing,North,384.63849163752485
2023-09-07,Store_3,Grocery,West,169.40062498894227
2023-09-07,Store_1,Home & Furniture,West,224.99851800688128
2023-09-08,Store_2,Grocery,West,358.47351058942877
2023-09-08,Store_1,Home & Furniture,West,354.85386498009666
2023-09-09,Store_3,Clothing,North,623.8185420223737
2023-09-09,Store_3,Clothing,North,402.48867055364667
2023-09-09,Store_3,Grocery,North,350.70967036214745
2023-09-09,Store_2,Grocery,East,460.0982633945634
2023-09-10,Store_3,Grocery,East,315.0495746236136
2023-09-10,Store_3,Electronics,South,312.5400353296968
2023-09-11,Store_3,Grocery,East,252.67127084782643
2023-09-11,Store_2,Grocery,West,322.2674945500144
2023-09-12,Store_3,Electronics,North,248.19305518963648
2023-09-12,Store_1,Home & Furniture,West,339.94463519290497
2023-09-12,Store_2,Electronics,South,357.0728173123905
2023-09-13,Store_2,Electronics,East,202.45963303975924
2023-09-13,Store_1,Home & Furniture,South,222.05037273719353
2023-09-14,Store_3,Grocery,East,330.52035493276725
2023-09-14,Store_3,Grocery,South,283.8626596139545
2023-09-14,Store_2,Home & Furniture,North,373.76073866152177
2023-09-15,Store_2,Electronics,West,319.9424985096466
2023-09-15,Store_1,Home & Furniture,West,445.7740139567682
2023-09-16,Store_1,Grocery,North,311.5013381118249
2023-09-16,Store_2,Grocery,West,345.6494843530586
2023-09-16,Store_1,Clothing,South,310.00590988748496
2023-09-17,Store_2,Grocery,East,354.64211319776916
2023-09-17,Store_2,Home & Furniture,North,372.2229112219567
2023-09-18,Store_1,Grocery,North,259.4863225763485
2023-09-18,Store_3,Home & Furniture,East,371.32723276795866
2023-09-18,Store_2,Electronics,South,304.32151313650803
2023-09-18,Store_2,Home & Furniture,South,367.51811221838625
2023-09-19,Store_2,Clothing,East,407.9756703621183
2023-09-19,Store_2,Grocery,East,246.8807136632173
2023-09-19,Store_2,Clothing,West,381.23046212019824
2023-09-19,Store_2,Electronics,South,333.08066728181706
2023-09-20,Store_2,Grocery,South,225.2276848665059
2023-09-20,Store_1,Home & Furniture,West,370.3188336577413
2023-09-21,Store_2,Grocery,East,195.72799634514044
2023-09-21,Store_3,Electronics,West,371.8678883286278
2023-09-21,Store_3,Electronics,East,374.41350445833444
2023-09-22,Store_3,Electronics,East,325.1303611858509
2023-09-22,Store_3,Clothing,West,257.1698689670003
2023-09-23,Store_3,Grocery,East,435.4986915894823
2023-09-23,Store_3,Home & Furniture,North,367.3927415977161
2023-09-23,Store_1,Clothing,North,393.22174578978
2023-09-24,Store_1,Grocery,West,271.62395378478266
2023-09-24,Store_1,Electronics,North,348.0833068922429
2023-09-24,Store_1,Home & Furniture,North,231.07973513608943
2023-09-24,Store_3,Clothing,North,335.6654976862922
2023-09-25,Store_2,Home & Furniture,North,277.96109986417673
2023-09-25,Store_3,Electronics,South,311.40026728938244
2023-09-25,Store_2,Electronics,South,215.79844535204631
2023-09-25,Store_2,Grocery,South,287.4875882879986
2023-09-26,Store_2,Electronics,East,351.6541942910118
2023-09-26,Store_2,Electronics,South,429.9722230669193
2023-09-26,Store_2,Grocery,East,280.77895134783176
2023-09-27,Store_2,Grocery,East,350.54565880796724
2023-09-27,Store_2,Electronics,North,275.1928354040316
2023-09-27,Store_1,Electronics,South,225.13475177361124
2023-09-27,Store_3,Home & Furniture,South,245.10579861266382
2023-09-28,Store_1,Grocery,East,355.22920504252426
2023-09-28,Store_3,Grocery,East,274.34331931630237
2023-09-29,Store_3,Clothing,South,293.62037803123843
2023-09-29,Store_2,Home & Furniture,North,199.4487682442257
2023-09-30,Store_3,Home & Furniture,East,466.10818337424587
2023-09-30,Store_1,Grocery,North,298.92893016624294
2023-10-01,Store_3,Grocery,West,370.0936908684053
2023-10-01,Store_3,Home & Furniture,East,431.3790164765997
2023-10-02,Store_1,Clothing,West,381.37667359492656
2023-10-02,Store_3,Grocery,South,198.3334050300958
2023-10-02,Store_3,Clothing,West,200.26288800160955
2023-10-03,Store_2,Electronics,South,325.069683247139
2023-10-03,Store_3,Electronics,North,229.29701681956482
2023-10-03,Store_1,Electronics,East,305.2582509543211
2023-10-04,Store_2,Home & Furniture,East,209.2424046844273
2023-10-04,Store_2,Grocery,East,339.5192860290068
2023-10-04,Store_2,Electronics,North,344.1253775224225
2023-10-04,Store_3,Electronics,East,142.14723785605867
2023-10-05,Store_2,Electronics,East,387.265652376593
2023-10-05,Store_3,Electronics,North,358.3611569772099
2023-10-05,Store_2,Electronics,West,309.47893803463995
2023-10-06,Store_1,Grocery,West,323.4698811974732
2023-10-06,Store_2,Electronics,South,343.5559554005686
2023-10-07,Store_1,Clothing,North,382.3384647428762
2023-10-07,Store_1,Clothing,North,556.70810282035
2023-10-08,Store_1,Clothing,East,443.1770396453041
2023-10-08,Store_2,Electronics,South,255.82035572749396
2023-10-09,Store_3,Electronics,West,325.17511772783763
2023-10-09,Store_2,Electronics,West,229.94510846787472
2023-10-09,Store_2,Home & Furniture,West,466.70164069455416
2023-10-10,Store_1,Grocery,East,322.8475483932782
2023-10-10,Store_1,Home & Furniture,South,292.31586573675526
2023-10-11,Store_2,Electronics,West,309.52531582652347
2023-10-11,Store_1,Clothing,North,397.8455099320989
2023-10-11,Store_2,Home & Furniture,North,255.90702138937257
2023-10-11,Store_2,Clothing,West,359.86813030769684
2023-10-12,Store_1,Home & Furniture,East,353.1587201926609
2023-10-12,Store_2,Electronics,East,209.094211166927
2023-10-12,Store_1,Grocery,East,283.5176455379833
2023-10-13,Store_2,Grocery,North,127.2964330449762
2023-10-13,Store_2,Clothing,North,271.8769729788462
2023-10-14,Store_2,Grocery,North,509.3880151360885
2023-10-14,Store_3,Home & Furniture,South,338.08330389158203
2023-10-14,Store_2,Electronics,East,467.43519762138357
2023-10-14,Store_3,Grocery,East,411.0359172184339
2023-10-15,Store_2,Grocery,West,666.4992925956456
2023-10-15,Store_1,Clothing,East,527.6577379757622
2023-10-16,Store_1,Home & Furniture,East,290.7932190288696
2023-10-16,Store_3,Grocery,West,206.36166890019302
2023-10-16,Store_1,Electronics,South,142.82341588629296
2023-10-17,Store_1,Home & Furniture,North,366.9084828016653
2023-10-17,Store_1,Grocery,North,164.43568963883095
2023-10-17,Store_1,Electronics,South,306.1851594009078
2023-10-17,Store_1,Clothing,North,421.9584723686772
2023-10-18,Store_2,Electronics,South,275.1982544689348
2023-10-18,Store_1,Grocery,South,223.45569699812262
2023-10-19,Store_3,Grocery,East,500.1094178131367
2023-10-19,Store_3,Electronics,South,234.61248888079712
2023-10-19,Store_1,Grocery,West,402.39295207499424
2023-10-20,Store_2,Grocery,South,305.86886474482566
2023-10-20,Store_1,Grocery,North,330.17994238710975
2023-10-20,Store_3,Grocery,North,380.38252256183307
2023-10-21,Store_3,Clothing,East,282.2584365156824
2023-10-21,Store_2,Clothing,East,466.7744373014317
2023-10-21,Store_3,Clothing,East,470.0902585442056
2023-10-21,Store_2,Clothing,South,546.1260673278039
2023-10-22,Store_3,Home & Furniture,West,339.2196898797479
2023-10-22,Store_3,Grocery,East,338.8624148418194
2023-10-22,Store_3,Home & Furniture,West,442.3217683061659
2023-10-23,Store_2,Grocery,South,269.5442953360248
2023-10-23,Store_2,Clothing,North,352.8405395585145
2023-10-23,Store_3,Electronics,East,323.31306477093324
2023-10-24,Store_3,Clothing,North,365.14662991051154
2023-10-24,Store_3,Home & Furniture,South,385.46547402374534
2023-10-24,Store_1,Home & Furniture,West,391.7107901744027
2023-10-25,Store_2,Home & Furniture,North,361.09215572785064
2023-10-25,Store_1,Clothing,East,343.14948889374006
2023-10-25,Store_1,Clothing,East,328.9292262338683
2023-10-26,Store_2,Grocery,South,276.8267118378734
2023-10-26,Store_1,Grocery,South,219.03383743269495
2023-10-26,Store_3,Clothing,North,337.22668443362465
2023-10-27,Store_2,Home & Furniture,South,240.26247416574103
2023-10-27,Store_1,Home & Furniture,South,319.8913512888209
2023-10-28,Store_2,Home & Furniture,North,340.65055371964223
2023-10-28,Store_2,Grocery,West,374.99009310317814
2023-10-28,Store_2,Home & Furniture,North,435.921842932781
2023-10-29,Store_1,Clothing,West,460.8002696359411
2023-10-29,Store_2,Clothing,West,425.7106729987376
2023-10-29,Store_1,Grocery,West,521.1898419928697
2023-10-30,Store_2,Grocery,North,243.77929804132432
2023-10-30,Store_1,Home & Furniture,West,189.84375897629525
2023-10-30,Store_1,Grocery,South,421.53623014735695
2023-10-30,Store_3,Clothing,East,271.9022394569003
2023-10-31,Store_3,Home & Furniture,West,356.9849559095536
2023-10-31,Store_3,Grocery,East,290.912918617107
2023-10-31,Store_2,Grocery,West,347.93622008338724
2023-11-01,Store_2,Home & Furniture,West,262.3644106947714
2023-11-01,Store_1,Clothing,West,31.543479598976035
2023-11-01,Store_3,Clothing,South,468.6321583928085
2023-11-02,Store_3,Home & Furniture,East,363.71366386468674
2023-11-02,Store_3,Clothing,East,410.1688619646624
2023-11-02,Store_3,Grocery,North,463.1352082659723
2023-11-03,Store_2,Electronics,West,356.29576899561255
2023-11-03,Store_3,Clothing,East,341.5452691952162
2023-11-04,Store_2,Clothing,West,343.5412954403014
2023-11-04,Store_1,Clothing,East,656.9794249048356
2023-11-04,Store_2,Electronics,West,526.9420599584557
2023-11-04,Store_2,Grocery,East,434.22300074314796
2023-11-05,Store_1,Clothing,South,564.3350944589954
2023-11-05,Store_1,Electronics,South,560.9865184441796
2023-11-05,Store_2,Home & Furniture,East,565.8664121304868
2023-11-05,Store_1,Clothing,South,496.48443489589215
2023-11-06,Store_1,Clothing,West,441.93102809588146
2023-11-06,Store_1,Grocery,West,400.88576597299596
2023-11-06,Store_1,Electronics,South,415.2577102587603
2023-11-06,Store_1,Home & Furniture,East,269.48880875380576
2023-11-07,Store_2,Clothing,East,345.5583050027346
2023-11-07,Store_1,Clothing,West,403.7890165042319
2023-11-07,Store_2,Clothing,South,308.35325746925787
2023-11-07,Store_3,Home & Furniture,West,264.57072300618603
2023-11-08,Store_3,Clothing,North,431.35046205377216
2023-11-08,Store_1,Clothing,West,360.63326784127065
2023-11-08,Store_2,Home & Furniture,East,245.29860859120083
2023-11-08,Store_3,Grocery,West,300.95497956786335
2023-11-09,Store_1,Electronics,North,435.20988703470454
2023-11-09,Store_1,Grocery,North,355.5334673323171
2023-11-09,Store_1,Grocery,South,366.41789547905273
2023-11-10,Store_1,Clothing,South,587.2939713673892
2023-11-10,Store_2,Electronics,North,396.244618622884
2023-11-10,Store_2,Electronics,North,437.2064003395152
2023-11-10,Store_1,Electronics,East,254.03778950236648
2023-11-11,Store_2,Grocery,East,526.8271900599852
2023-11-11,Store_1,Home & Furniture,South,776.5831507041331
2023-11-11,Store_3,Electronics,West,266.0935998420522
2023-11-12,Store_2,Clothing,East,421.45787726194624
2023-11-12,Store_2,Electronics,East,379.4269917139078
2023-11-12,Store_1,Grocery,North,441.0681749157596
2023-11-12,Store_2,Home & Furniture,North,425.8763648440922
2023-11-13,Store_2,Electronics,North,472.19154158334123
2023-11-13,Store_1,Grocery,North,314.98211084095095
2023-11-14,Store_1,Grocery,West,370.4074566187564
2023-11-14,Store_3,Electronics,West,396.9683586095658
2023-11-14,Store_2,Home & Furniture,North,450.2029903857368
2023-11-14,Store_2,Clothing,North,395.95003683260745
2023-11-15,Store_3,Electronics,North,342.5718652642381
2023-11-15,Store_3,Electronics,East,376.2676050171944
2023-11-16,Store_3,Clothing,East,432.2280572410891
2023-11-16,Store_1,Clothing,North,433.4337890412147
2023-11-16,Store_3,Grocery,South,524.6900837891914
2023-11-16,Store_3,Electronics,South,346.4774733586149
2023-11-17,Store_2,Home & Furniture,West,297.5635593283413
2023-11-17,Store_3,Home & Furniture,South,455.0318136978549
2023-11-18,Store_1,Home & Furniture,East,495.79777134866066
2023-11-18,Store_1,Home & Furniture,East,513.7671244369426
2023-11-19,Store_2,Electronics,North,617.5169455671736
2023-11-19,Store_1,Clothing,North,575.7330043386607
2023-11-19,Store_3,Grocery,West,437.4625486203595
2023-11-20,Store_2,Grocery,West,436.27557417074445
2023-11-20,Store_3,Home & Furniture,East,422.4940943760391
2023-11-21,Store_2,Electronics,South,337.93694406613366
2023-11-21,Store_1,Home & Furniture,South,242.85101197594977
2023-11-21,Store_3,Grocery,West,499.97707198636004
2023-11-22,Store_1,Home & Furniture,South,427.69265384132143
2023-11-22,Store_1,Grocery,East,514.9807370880295
2023-11-23,Store_2,Grocery,South,542.6637012032611
2023-11-23,Store_2,Grocery,East,385.2190411039781
2023-11-24,Store_1,Clothing,East,347.1263573611193
2023-11-24,Store_3,Grocery,North,477.4222289573184
2023-11-24,Store_2,Grocery,East,395.65771035846126
2023-11-25,Store_1,Clothing,East,432.46032820474977
2023-11-25,Store_2,Home & Furniture,South,514.2906956547272
2023-11-25,Store_1,Home & Furniture,East,696.1798283980214
2023-11-26,Store_2,Clothing,North,489.7449857877601
2023-11-26,Store_2,Clothing,South,576.0949124716792
2023-11-26,Store_2,Clothing,North,626.495139430935
2023-11-26,Store_1,Electronics,West,544.2820723390939
2023-11-27,Store_1,Home & Furniture,East,405.6451697768163
2023-11-27,Store_3,Clothing,South,274.3997618195836
2023-11-27,Store_2,Home & Furniture,West,496.1384409149774
2023-11-28,Store_1,Grocery,East,526.268081384542
2023-11-28,Store_2,Clothing,North,345.24277369724274
2023-11-28,Store_3,Electronics,East,307.321896322553
2023-11-28,Store_3,Grocery,North,224.1668272079375
2023-11-29,Store_3,Clothing,West,373.4185383535491
2023-11-29,Store_1,Electronics,East,394.17525029093883
2023-11-30,Store_1,Home & Furniture,South,371.30121234600915
2023-11-30,Store_3,Clothing,East,409.299132903024
2023-11-30,Store_3,Grocery,East,427.50542747686836
2023-11-30,Store_3,Electronics,East,477.69961471109156
2023-12-01,Store_2,Electronics,West,345.856828029301
2023-12-01,Store_3,Electronics,North,348.52174797691293
2023-12-01,Store_1,Electronics,South,367.25296283178
2023-12-02,Store_2,Clothing,West,635.5635299339395
2023-12-02,Store_1,Clothing,East,411.3608284995401
2023-12-03,Store_3,Electronics,East,458.4616255326956
2023-12-03,Store_2,Grocery,North,766.1627740406129
2023-12-03,Store_1,Electronics,North,440.84556669353697
2023-12-04,Store_3,Electronics,East,340.8111726928264
2023-12-04,Store_2,Grocery,South,409.48476068912015
2023-12-04,Store_1,Electronics,West,255.88589651167734
2023-12-05,Store_3,Grocery,North,359.50165808312306
2023-12-05,Store_3,Grocery,North,342.93088899652537
2023-12-06,Store_2,Electronics,North,528.8945546855683
2023-12-06,Store_3,Grocery,North,337.19779461536586
2023-12-07,Store_1,Electronics,South,375.4067899079675
2023-12-07,Store_3,Clothing,West,315.5753635345388
2023-12-07,Store_1,Grocery,West,271.46092352699975
2023-12-08,Store_1,Home & Furniture,West,440.36006329186233
2023-12-08,Store_3,Electronics,East,387.1616775325309
2023-12-09,Store_1,Clothing,North,253.91955752914225
2023-12-09,Store_1,Electronics,South,562.6285237157197
2023-12-10,Store_3,Clothing,East,534.3292931365158
2023-12-10,Store_3,Electronics,South,707.6821516973824
2023-12-11,Store_1,Clothing,North,385.6229432266832
2023-12-11,Store_1,Electronics,North,404.594262905206
2023-12-11,Store_2,Clothing,West,225.37030530609735
2023-12-11,Store_2,Home & Furniture,West,597.4724220042378
2023-12-12,Store_1,Grocery,South,388.10440443464864
2023-12-12,Store_2,Electronics,West,447.0883373168417
2023-12-12,Store_3,Home & Furniture,West,310.8975086988927
2023-12-12,Store_2,Electronics,South,581.3872756790935
2023-12-13,Store_2,Home & Furniture,South,495.07703564518096
2023-12-13,Store_2,Clothing,West,497.6605643385142
2023-12-13,Store_3,Home & Furniture,West,583.6244356902832
2023-12-14,Store_1,Electronics,South,482.796125860735
2023-12-14,Store_1,Electronics,South,620.9590211559729
2023-12-14,Store_2,Grocery,East,371.31212221527596
2023-12-14,Store_3,Home & Furniture,East,440.16341377794697
2023-12-15,Store_3,Electronics,West,562.1146462515458
2023-12-15,Store_1,Grocery,South,378.6723306198073
2023-12-15,Store_3,Clothing,South,493.98910655224086
2023-12-15,Store_2,Home & Furniture,West,282.89311914209924
2023-12-16,Store_3,Grocery,East,439.9441163163573
2023-12-16,Store_3,Electronics,South,498.79586227528813
2023-12-16,Store_1,Clothing,South,541.9172518192738
2023-12-17,Store_3,Home & Furniture,South,635.9130521714653
2023-12-17,Store_2,Electronics,South,617.9870353285004
2023-12-18,Store_1,Clothing,West,542.9842401177607
2023-12-18,Store_3,Clothing,North,411.78327306261184
2023-12-18,Store_2,Grocery,South,497.09512507629654
2023-12-19,Store_2,Electronics,North,651.4770138545354
2023-12-19,Store_2,Clothing,South,686.250011466396
2023-12-19,Store_1,Clothing,East,589.6751814140803
2023-12-20,Store_3,Grocery,South,411.0681567082828
2023-12-20,Store_2,Home & Furniture,South,515.0790055444248
2023-12-20,Store_2,Grocery,South,365.00292120413786
2023-12-21,Store_2,Home & Furniture,East,574.8114922467716
2023-12-21,Store_1,Electronics,West,553.0332985665447
2023-12-22,Store_3,Home & Furniture,West,445.8792582827853
2023-12-22,Store_2,Clothing,East,530.2964934916071
2023-12-23,Store_2,Clothing,West,512.3386876186737
2023-12-23,Store_1,Home & Furniture,North,458.25887712111717
2023-12-24,Store_1,Clothing,East,582.6881169070641
2023-12-24,Store_1,Electronics,North,764.3143067792926
2023-12-24,Store_2,Grocery,East,656.8774887894868
2023-12-24,Store_1,Grocery,West,461.70162227970206
2023-12-25,Store_1,Electronics,North,461.73660217798994
2023-12-25,Store_1,Clothing,North,493.39365645523316
2023-12-26,Store_1,Grocery,North,405.58493308454604
2023-12-26,Store_3,Electronics,North,609.1856864547419
2023-12-26,Store_1,Grocery,South,449.0621458980132
2023-12-27,Store_1,Clothing,North,389.2777732951829
2023-12-27,Store_2,Clothing,South,512.2360507242063
2023-12-28,Store_1,Clothing,West,431.741165280001
2023-12-28,Store_2,Electronics,East,485.0612183235607
2023-12-28,Store_2,Grocery,West,493.06766549445246
2023-12-28,Store_1,Clothing,West,526.0741600848709
2023-12-29,Store_2,Home & Furniture,South,500.9802943465141
2023-12-29,Store_3,Home & Furniture,South,345.54957918660375
2023-12-29,Store_2,Grocery,South,466.75653365801196
2023-12-30,Store_2,Electronics,East,819.7099333825455
2023-12-30,Store_1,Home & Furniture,South,870.4870254382664
2023-12-30,Store_3,Electronics,South,764.5577633568986
2023-12-30,Store_2,Clothing,North,687.9520460135502
2023-12-31,Store_2,Home & Furniture,North,686.9226642652328
2023-12-31,Store_3,Electronics,West,683.1806667212569
2023-12-31,Store_3,Clothing,West,580.6909293212814
2024-01-01,Store_1,Grocery,East,508.3933394621377
2024-01-01,Store_2,Home & Furniture,East,429.23840476622865
2024-01-02,Store_3,Electronics,South,615.9426403351292
2024-01-02,Store_1,Electronics,East,482.59423649270906
2024-01-03,Store_2,Grocery,North,422.6263074551656
2024-01-03,Store_3,Electronics,South,504.8942229086922
2024-01-03,Store_3,Grocery,South,716.0835588442483
2024-01-04,Store_2,Grocery,South,333.8058890244028
2024-01-04,Store_1,Electronics,West,516.037760497447
2024-01-04,Store_2,Electronics,East,456.8171919629075
2024-01-05,Store_1,Grocery,East,554.2516034838113
2024-01-05,Store_3,Grocery,East,502.13596277904213
2024-01-06,Store_1,Grocery,South,538.4131076779167
2024-01-06,Store_2,Clothing,West,450.2977971880855
2024-01-06,Store_3,Electronics,South,837.7970949185059
2024-01-06,Store_3,Electronics,East,580.2064555670052
2024-01-07,Store_1,Clothing,East,548.2213044769812
2024-01-07,Store_2,Grocery,North,618.2437732728492
2024-01-07,Store_1,Grocery,South,748.2632150572532
2024-01-08,Store_1,Clothing,North,455.7290013461773
2024-01-08,Store_2,Grocery,West,544.1001569685773
2024-01-09,Store_1,Home & Furniture,South,473.0112602914756
2024-01-09,Store_2,Home & Furniture,North,526.0521070238646
2024-01-09,Store_1,Electronics,North,423.9650040943311
2024-01-09,Store_2,Grocery,East,536.2027341612074
2024-01-10,Store_2,Grocery,West,470.6228499669364
2024-01-10,Store_2,Clothing,North,455.87767301677763
2024-01-10,Store_1,Clothing,North,502.5618014538073
2024-01-10,Store_2,Electronics,South,520.0509492555964
2024-01-11,Store_2,Home & Furniture,South,590.1167129916555
2024-01-11,Store_1,Clothing,North,548.6313880370672
2024-01-11,Store_3,Home & Furniture,West,650.3590667903867
2024-01-11,Store_3,Grocery,North,642.7561916497672
2024-01-12,Store_2,Clothing,North,592.5562768568312
2024-01-12,Store_1,Home & Furniture,East,332.6731451565475
2024-01-13,Store_1,Clothing,South,653.051918303566
2024-01-13,Store_3,Home & Furniture,West,664.521364140057
2024-01-13,Store_2,Clothing,South,590.5708198441325
2024-01-13,Store_3,Electronics,North,740.9759732601799
2024-01-14,Store_1,Electronics,West,565.7328055081774
2024-01-14,Store_1,Clothing,West,565.3704899638271
2024-01-15,Store_3,Home & Furniture,East,637.936364561537
2024-01-15,Store_1,Grocery,South,501.67168653056575
2024-01-15,Store_2,Grocery,North,545.1175531486745
2024-01-16,Store_3,Home & Furniture,North,630.5540420218052
2024-01-16,Store_1,Home & Furniture,South,742.3195722098434
2024-01-16,Store_3,Home & Furniture,West,590.6814683065885
2024-01-17,Store_1,Home & Furniture,East,496.9562587498347
2024-01-17,Store_2,Home & Furniture,East,543.0324298140259
2024-01-17,Store_1,Electronics,East,556.1129390144652
2024-01-18,Store_1,Grocery,East,564.2719554859142
2024-01-18,Store_3,Grocery,East,608.8187276695464
2024-01-18,Store_2,Electronics,North,700.2053996282913
2024-01-19,Store_3,Clothing,East,507.36506717422844
2024-01-19,Store_2,Grocery,West,598.7229258596758
2024-01-19,Store_1,Grocery,West,462.19931953881434
2024-01-20,Store_2,Home & Furniture,North,695.9386224458791
2024-01-20,Store_3,Grocery,South,622.8289530450321
2024-01-20,Store_2,Electronics,South,814.2314339310402
2024-01-20,Store_1,Clothing,North,744.1943967135892
2024-01-21,Store_1,Clothing,North,845.1232537278509
2024-01-21,Store_2,Clothing,South,703.8410418377379
2024-01-21,Store_2,Electronics,East,632.5737470362626
2024-01-21,Store_3,Electronics,East,506.5280163990285
2024-01-22,Store_3,Clothing,North,609.2752004516478
2024-01-22,Store_1,Clothing,East,540.5364311563843
2024-01-23,Store_2,Electronics,East,523.6818068461926
2024-01-23,Store_2,Grocery,East,514.6308812731698
2024-01-23,Store_1,Electronics,West,666.6232679810583
2024-01-23,Store_3,Clothing,West,578.1761511988775
2024-01-24,Store_3,Clothing,North,685.538261116403
2024-01-24,Store_1,Home & Furniture,East,597.1373017549149
2024-01-25,Store_1,Home & Furniture,West,597.5944153139645
2024-01-25,Store_3,Home & Furniture,North,557.6642108385787
2024-01-26,Store_1,Home & Furniture,East,647.2093831781874
2024-01-26,Store_2,Grocery,South,479.3558329440954
2024-01-26,Store_1,Home & Furniture,North,722.4183499042427
2024-01-27,Store_3,Home & Furniture,North,525.8361966595452
2024-01-27,Store_1,Grocery,North,917.4701131757865
2024-01-28,Store_1,Clothing,West,693.6239695480614
2024-01-28,Store_3,Clothing,North,715.6111888501441
2024-01-29,Store_2,Grocery,West,666.2666838747512
2024-01-29,Store_1,Grocery,South,545.7859316160715
2024-01-29,Store_1,Home & Furniture,East,655.5052352315345
2024-01-30,Store_1,Home & Furniture,East,558.5615276209121
2024-01-30,Store_3,Clothing,East,461.69615942810265
2024-01-30,Store_2,Clothing,East,487.3303813769178
2024-01-31,Store_3,Home & Furniture,South,553.3513975459887
2024-01-31,Store_1,Home & Furniture,West,602.2913266457759
2024-02-01,Store_1,Electronics,South,540.4584786772095
2024-02-01,Store_3,Electronics,West,537.5199825050565
2024-02-01,Store_2,Home & Furniture,East,702.0406304876158
2024-02-01,Store_1,Clothing,West,483.06183500153793
2024-02-02,Store_1,Electronics,East,683.4477853025471
2024-02-02,Store_2,Electronics,South,697.5956379319192
2024-02-03,Store_2,Clothing,North,612.3848961399528
2024-02-03,Store_3,Grocery,North,732.112271825678
2024-02-03,Store_2,Grocery,West,692.1853385452757
2024-02-03,Store_3,Clothing,North,768.2677724249595
2024-02-04,Store_3,Electronics,East,778.8464959937346
2024-02-04,Store_3,Electronics,North,865.9337294729611
2024-02-05,Store_3,Grocery,South,757.4809987169708
2024-02-05,Store_1,Electronics,South,554.0371471274505
2024-02-05,Store_2,Clothing,South,613.556036843743
2024-02-06,Store_2,Clothing,East,627.9423807135806
2024-02-06,Store_2,Grocery,East,687.3614947092656
2024-02-06,Store_3,Electronics,North,645.1702232780825
2024-02-06,Store_2,Clothing,East,695.1435899483771
2024-02-07,Store_2,Home & Furniture,North,825.1723867956044
2024-02-07,Store_3,Clothing,West,541.1973061977071
2024-02-08,Store_3,Electronics,West,558.9347640958588
2024-02-08,Store_3,Electronics,South,625.285174995937
2024-02-08,Store_3,Clothing,South,650.5210741271263
2024-02-09,Store_2,Home & Furniture,North,726.3277465472323
2024-02-09,Store_2,Grocery,West,755.0108214163306
2024-02-09,Store_1,Clothing,East,672.1423324554205
2024-02-09,Store_3,Grocery,South,612.9974654612465
2024-02-10,Store_1,Electronics,East,827.2743774255963
2024-02-10,Store_3,Grocery,East,790.0850439109696
2024-02-10,Store_2,Electronics,West,909.4547325100702
2024-02-11,Store_2,Electronics,North,748.6860702443479
2024-02-11,Store_1,Electronics,East,890.5416541309179
2024-02-11,Store_3,Clothing,East,746.3835937067556
2024-02-12,Store_1,Electronics,North,692.9300148686193
2024-02-12,Store_3,Electronics,South,661.5286822652183
2024-02-12,Store_2,Electronics,North,619.1286052244817
2024-02-13,Store_1,Clothing,East,611.2751438561319
2024-02-13,Store_2,Grocery,East,680.0514682185246
2024-02-13,Store_2,Grocery,South,561.3158038136969
2024-02-13,Store_1,Electronics,East,610.0648078250425
2024-02-14,Store_3,Clothing,West,411.4125259814337
2024-02-14,Store_2,Clothing,West,605.2573997784555
2024-02-14,Store_1,Electronics,North,618.1768385653384
2024-02-15,Store_3,Clothing,North,657.755951528114
2024-02-15,Store_1,Grocery,South,637.9061597673826
2024-02-15,Store_1,Electronics,South,676.4964969580917
2024-02-15,Store_1,Clothing,West,629.3487286829618
2024-02-16,Store_1,Clothing,East,642.7010256791485
2024-02-16,Store_2,Clothing,South,566.4343491464342
2024-02-16,Store_2,Electronics,East,615.761123634797
2024-02-17,Store_3,Electronics,South,850.2581399314446
2024-02-17,Store_2,Clothing,East,733.4494944852158
2024-02-17,Store_1,Electronics,North,827.3231651906649
2024-02-18,Store_2,Grocery,South,859.1555090829484
2024-02-18,Store_1,Home & Furniture,West,705.8897745374943
2024-02-18,Store_3,Grocery,West,1013.3037745774429
2024-02-18,Store_2,Electronics,South,947.9284019856874
2024-02-19,Store_2,Electronics,East,607.8141296550789
2024-02-19,Store_3,Grocery,North,645.996096899671
2024-02-19,Store_2,Home & Furniture,West,602.5237343402746
2024-02-19,Store_2,Grocery,North,640.0708767398816
2024-02-20,Store_1,Home & Furniture,North,657.3262350448185
2024-02-20,Store_2,Electronics,South,700.2307061573296
2024-02-20,Store_1,Clothing,West,766.8451156602475
2024-02-21,Store_1,Electronics,West,760.3261195104262
2024-02-21,Store_1,Clothing,West,664.8848792630902
2024-02-22,Store_2,Electronics,North,681.3067117921544
2024-02-22,Store_1,Electronics,West,650.2317629510766
2024-02-23,Store_2,Electronics,West,478.71238847514246
2024-02-23,Store_1,Home & Furniture,South,643.5268883052153
2024-02-23,Store_2,Clothing,East,705.905911503799
2024-02-24,Store_2,Home & Furniture,North,826.5312927286375
2024-02-24,Store_3,Home & Furniture,South,662.8868344904538
2024-02-25,Store_2,Home & Furniture,South,890.3673517840422
2024-02-25,Store_1,Grocery,West,826.5929517711307
2024-02-26,Store_2,Electronics,West,605.9052923964955
2024-02-26,Store_3,Grocery,South,634.9832028130534
2024-02-27,Store_2,Clothing,East,682.7994072243465
2024-02-27,Store_1,Clothing,North,681.4442443616781
2024-02-28,Store_1,Electronics,South,599.6270427494002
2024-02-28,Store_3,Clothing,North,773.1284762387413
2024-02-28,Store_1,Clothing,South,672.8052127677421
2024-02-28,Store_1,Clothing,West,693.3702088200359
2024-02-29,Store_3,Electronics,South,597.9356167425472
2024-02-29,Store_1,Grocery,North,671.3683767489775
2024-02-29,Store_3,Grocery,North,624.2518671430538
2024-02-29,Store_1,Home & Furniture,West,702.0594822703188
2024-03-01,Store_1,Grocery,North,729.1214498580578
2024-03-01,Store_1,Electronics,East,616.5868842915463
2024-03-01,Store_1,Home & Furniture,West,711.6103719991489
2024-03-01,Store_3,Grocery,South,688.7468939635545
2024-03-02,Store_1,Electronics,East,1078.5821651813005
2024-03-02,Store_1,Clothing,East,833.3314170300821
2024-03-03,Store_3,Electronics,South,771.0211647560517
2024-03-03,Store_3,Clothing,North,1070.614564314327
2024-03-04,Store_3,Electronics,South,726.2681099015432
2024-03-04,Store_1,Home & Furniture,South,827.296859210352
2024-03-04,Store_2,Clothing,South,602.6942187535072
2024-03-05,Store_1,Electronics,South,705.0174033230742
2024-03-05,Store_1,Clothing,West,733.2089398016374
2024-03-06,Store_3,Home & Furniture,East,719.0903711470091
2024-03-06,Store_3,Grocery,West,417.70252160192484
2024-03-06,Store_2,Home & Furniture,East,710.0703234466075
2024-03-06,Store_1,Home & Furniture,North,585.6781282711922
2024-03-07,Store_3,Home & Furniture,East,769.6974682672501
2024-03-07,Store_1,Electronics,West,592.6012079780891
2024-03-08,Store_2,Home & Furniture,North,603.2280621249453
2024-03-08,Store_3,Electronics,West,851.8461149409629
2024-03-08,Store_2,Clothing,South,821.9874010624828
2024-03-09,Store_2,Electronics,East,911.9231856442799
2024-03-09,Store_3,Home & Furniture,North,862.2409678375665
2024-03-09,Store_3,Clothing,North,757.1850575562531
2024-03-09,Store_2,Clothing,North,863.2236118543858
2024-03-10,Store_3,Clothing,North,1048.8414050135282
2024-03-10,Store_1,Clothing,East,825.3860081989568
2024-03-10,Store_1,Grocery,North,945.7467829791716
2024-03-11,Store_1,Electronics,East,741.7546842316112
2024-03-11,Store_3,Home & Furniture,East,567.933087655339
2024-03-11,Store_3,Grocery,North,576.6996810876774
2024-03-12,Store_2,Electronics,North,650.5319514684095
2024-03-12,Store_3,Clothing,South,774.7271562716104
2024-03-12,Store_3,Electronics,North,702.4617930376282
2024-03-13,Store_3,Electronics,West,589.5827886893774
2024-03-13,Store_2,Electronics,North,604.1314091962474
2024-03-14,Store_1,Clothing,East,702.3030762840366
2024-03-14,Store_2,Home & Furniture,South,601.2042456406172
2024-03-14,Store_1,Home & Furniture,North,659.842029851995
2024-03-15,Store_2,Electronics,West,709.1284147297844
2024-03-15,Store_3,Home & Furniture,East,700.3086358130839
2024-03-16,Store_1,Electronics,East,949.9285890676952
2024-03-16,Store_1,Clothing,North,1014.308312727475
2024-03-16,Store_1,Electronics,West,922.8764286422028
2024-03-17,Store_2,Electronics,North,954.8262583048136
2024-03-17,Store_1,Electronics,South,1109.2696615075895
2024-03-18,Store_3,Grocery,West,751.8086104979741
2024-03-18,Store_2,Electronics,North,608.530213300958
2024-03-18,Store_1,Clothing,West,650.1117622944043
2024-03-19,Store_2,Clothing,South,644.6269551065142
2024-03-19,Store_1,Grocery,North,650.239114331576
2024-03-19,Store_3,Home & Furniture,East,763.2368382406028
2024-03-19,Store_2,Grocery,North,768.1475577310961
2024-03-20,Store_2,Electronics,South,797.9876202934727
2024-03-20,Store_3,Home & Furniture,East,863.3007886551294
2024-03-20,Store_1,Clothing,North,752.8784846836122
2024-03-20,Store_1,Clothing,West,696.3500896293053
2024-03-21,Store_1,Electronics,North,573.3400554905588
2024-03-21,Store_2,Electronics,South,707.8225549975186
2024-03-21,Store_1,Home & Furniture,North,698.9255855882002
2024-03-22,Store_3,Clothing,South,708.8540361693416
2024-03-22,Store_2,Home & Furniture,West,745.9516348799365
2024-03-22,Store_1,Electronics,North,705.459448612003
2024-03-23,Store_3,Electronics,West,1027.7041843414022
2024-03-23,Store_2,Clothing,North,1049.6627011735263
2024-03-24,Store_1,Clothing,East,921.0715188417382
2024-03-24,Store_1,Grocery,West,739.2571508093339
2024-03-24,Store_2,Grocery,East,793.2609281408843
2024-03-24,Store_1,Grocery,West,922.0416124110374
2024-03-25,Store_3,Home & Furniture,North,738.7674882174283
2024-03-25,Store_1,Home & Furniture,East,883.2566900791218
2024-03-25,Store_1,Grocery,North,682.0269652193388
2024-03-26,Store_1,Electronics,West,706.7261427185782
2024-03-26,Store_2,Electronics,East,616.2746084988682
2024-03-27,Store_2,Electronics,South,739.3533801006096
2024-03-27,Store_1,Clothing,South,759.763845595907
2024-03-28,Store_2,Electronics,East,594.9675550411075
2024-03-28,Store_3,Grocery,South,650.6982045674138
2024-03-29,Store_1,Electronics,East,744.6900213412339
2024-03-29,Store_3,Home & Furniture,East,679.5683905886505
2024-03-30,Store_1,Clothing,West,953.728974235922
2024-03-30,Store_1,Home & Furniture,South,1040.5438748052713
2024-03-30,Store_1,Home & Furniture,West,851.3377365332615
2024-03-31,Store_1,Home & Furniture,East,906.5494376942103
2024-03-31,Store_1,Home & Furniture,North,1024.34424296605
2024-04-01,Store_3,Electronics,North,684.8864037517609
2024-04-01,Store_1,Electronics,South,616.9578634303812
2024-04-01,Store_2,Electronics,East,818.2287497725014
2024-04-01,Store_2,Grocery,East,657.7524912416906
2024-04-02,Store_2,Clothing,East,706.9822463536165
2024-04-02,Store_2,Electronics,North,712.8976210027896
2024-04-03,Store_2,Clothing,West,615.1901348920387
2024-04-03,Store_1,Clothing,South,754.3072202082456
2024-04-04,Store_1,Home & Furniture,South,638.4180735168627
2024-04-04,Store_3,Electronics,North,713.0401046715183
2024-04-05,Store_1,Clothing,North,775.1735282192169
2024-04-05,Store_3,Home & Furniture,East,715.2228670586265
2024-04-06,Store_1,Electronics,South,888.4446884486886
2024-04-06,Store_1,Grocery,South,768.8458745573918
2024-04-07,Store_3,Electronics,North,818.6976149043079
2024-04-07,Store_3,Grocery,West,853.7210295890982
2024-04-08,Store_2,Clothing,North,621.4376923470875
2024-04-08,Store_3,Electronics,South,883.9031324836353
2024-04-08,Store_3,Grocery,East,746.5010561321296
2024-04-09,Store_1,Electronics,South,607.7143268618553
2024-04-09,Store_1,Clothing,East,610.2529351296943
2024-04-09,Store_1,Electronics,East,714.4234059658438
2024-04-09,Store_3,Electronics,South,775.1987180314586
2024-04-10,Store_2,Home & Furniture,West,756.2954926687953
2024-04-10,Store_3,Home & Furniture,East,799.6162143025043
2024-04-11,Store_3,Clothing,North,695.8501876735256
2024-04-11,Store_1,Electronics,South,678.8728655164746
2024-04-11,Store_2,Home & Furniture,East,560.7237366034335
2024-04-11,Store_1,Clothing,East,657.8790908475106
2024-04-12,Store_1,Clothing,South,685.0806368107884
2024-04-12,Store_3,Electronics,West,757.7079050843545
2024-04-12,Store_2,Home & Furniture,South,708.993594725753
2024-04-13,Store_3,Electronics,East,804.8096015071008
2024-04-13,Store_2,Home & Furniture,East,1047.11808911807
2024-04-13,Store_1,Grocery,South,886.3109665107831
2024-04-13,Store_1,Grocery,East,927.999210123482
2024-04-14,Store_2,Home & Furniture,West,828.0719936272565
2024-04-14,Store_3,Home & Furniture,East,816.9284050941
2024-04-14,Store_2,Electronics,South,943.5386597277893
2024-04-14,Store_2,Grocery,North,958.308348810522
2024-04-15,Store_1,Home & Furniture,North,635.4482042142513
2024-04-15,Store_2,Electronics,South,697.5603833101393
2024-04-16,Store_1,Electronics,South,772.4302196519915
2024-04-16,Store_3,Home & Furniture,West,683.5363199689208
2024-04-16,Store_1,Clothing,East,704.5145823048401
2024-04-17,Store_2,Clothing,East,785.4883748593669
2024-04-17,Store_1,Electronics,East,811.591374076482
2024-04-18,Store_1,Electronics,West,840.2244568591293
2024-04-18,Store_1,Grocery,East,693.5208025660758
2024-04-18,Store_1,Grocery,South,693.0132751996216
2024-04-18,Store_2,Home & Furniture,West,692.474558605267
2024-04-19,Store_3,Grocery,East,579.3074092102303
2024-04-19,Store_3,Grocery,South,761.3501288203979
2024-04-20,Store_3,Electronics,West,901.7373996771473
2024-04-20,Store_1,Home & Furniture,South,856.4528800830666
2024-04-21,Store_1,Home & Furniture,East,791.1660263162453
2024-04-21,Store_1,Electronics,South,952.7111503046644
2024-04-21,Store_1,Clothing,West,818.9803650162313
2024-04-21,Store_2,Grocery,West,857.7521503204102
2024-04-22,Store_1,Clothing,West,567.5516549228861
2024-04-22,Store_2,Electronics,East,656.0699286145095
2024-04-22,Store_2,Electronics,South,697.6189115561954
2024-04-22,Store_3,Clothing,South,755.8667370946306
2024-04-23,Store_3,Clothing,North,775.7339721141244
2024-04-23,Store_1,Home & Furniture,North,672.5383312227921
2024-04-23,Store_3,Home & Furniture,South,606.0679164941366
2024-04-24,Store_1,Clothing,East,663.5738566297983
2024-04-24,Store_2,Home & Furniture,North,862.5849781535477
2024-04-24,Store_2,Grocery,North,608.4003933743694
2024-04-25,Store_3,Grocery,West,745.0401388163147
2024-04-25,Store_3,Electronics,West,610.0538518826004
2024-04-25,Store_2,Clothing,North,721.1062446763563
2024-04-26,Store_2,Grocery,North,651.7824309275012
2024-04-26,Store_3,Clothing,North,734.6022752655608
2024-04-27,Store_2,Home & Furniture,East,830.8555031060909
2024-04-27,Store_3,Clothing,South,829.832226087355
2024-04-27,Store_3,Home & Furniture,South,843.6979567269578
2024-04-28,Store_2,Grocery,South,685.3824153165699
2024-04-28,Store_3,Electronics,East,1030.620477815511
2024-04-29,Store_2,Home & Furniture,West,859.3553421402021
2024-04-29,Store_2,Home & Furniture,North,825.3994011276152
2024-04-29,Store_3,Clothing,North,848.781581647587
2024-04-30,Store_3,Home & Furniture,East,525.4225076974253
2024-04-30,Store_2,Home & Furniture,North,545.9239024861889
2024-04-30,Store_1,Clothing,East,600.1772563878377
2024-05-01,Store_3,Electronics,South,635.5833100712609
2024-05-01,Store_1,Home & Furniture,East,441.88247623572613
2024-05-01,Store_1,Clothing,East,533.8987704489953
2024-05-01,Store_3,Clothing,North,545.1681062668274
2024-05-02,Store_3,Home & Furniture,East,694.1606543610079
2024-05-02,Store_3,Home & Furniture,South,641.778570356763
2024-05-02,Store_3,Electronics,North,632.7189279955539
2024-05-02,Store_1,Electronics,South,801.6656436164296
2024-05-03,Store_2,Electronics,East,843.4132226686747
2024-05-03,Store_3,Home & Furniture,South,636.0484088021311
2024-05-03,Store_3,Electronics,East,721.7661422530956
2024-05-03,Store_1,Home & Furniture,South,633.3432451692379
2024-05-04,Store_3,Clothing,North,860.8263657736379
2024-05-04,Store_1,Electronics,South,812.4377358094691
2024-05-05,Store_2,Grocery,North,633.0581120014866
2024-05-05,Store_1,Electronics,North,823.0042911256857
2024-05-05,Store_2,Home & Furniture,South,760.4944457042683
2024-05-05,Store_2,Clothing,East,830.3914525630802
2024-05-06,Store_2,Clothing,East,581.3558203208489
2024-05-06,Store_2,Clothing,South,624.8334257523043
2024-05-07,Store_3,Home & Furniture,West,699.6396177594743
2024-05-07,Store_1,Home & Furniture,North,778.0693679285301
2024-05-07,Store_1,Clothing,South,712.8221552208649
2024-05-07,Store_3,Electronics,South,673.6072781827031
2024-05-08,Store_1,Electronics,North,662.1543468888599
2024-05-08,Store_1,Electronics,North,732.1187574765174
2024-05-08,Store_3,Electronics,North,732.8262940328776
2024-05-08,Store_3,Clothing,East,740.7504319637151
2024-05-09,Store_1,Grocery,West,730.5899113141112
2024-05-09,Store_1,Clothing,North,618.7869120366913
2024-05-09,Store_3,Grocery,South,702.6377797732176
2024-05-10,Store_2,Grocery,East,675.5523964516492
2024-05-10,Store_1,Grocery,West,637.2488327226049
2024-05-11,Store_2,Grocery,South,698.7489493349495
2024-05-11,Store_1,Grocery,West,826.9331168183375
2024-05-12,Store_3,Grocery,North,755.2015880681417
2024-05-12,Store_3,Home & Furniture,South,941.0678764450731
2024-05-12,Store_3,Home & Furniture,South,893.7522305488358
2024-05-12,Store_1,Grocery,South,780.0284357497335
2024-05-13,Store_3,Home & Furniture,West,715.430628964858
2024-05-13,Store_3,Grocery,South,555.8884294462159
2024-05-13,Store_1,Home & Furniture,North,828.905721632857
2024-05-13,Store_3,Home & Furniture,West,697.4373745023076
2024-05-14,Store_3,Grocery,North,688.208144526396
2024-05-14,Store_2,Clothing,South,660.1337619040963
2024-05-14,Store_3,Grocery,South,627.0350719354433
2024-05-15,Store_2,Electronics,East,608.9718775956104
2024-05-15,Store_3,Clothing,North,788.1426085105769
2024-05-15,Store_3,Home & Furniture,East,632.0426203434229
2024-05-15,Store_1,Home & Furniture,North,630.3289375349486
2024-05-16,Store_1,Grocery,West,547.5582716851943
2024-05-16,Store_3,Clothing,West,583.4391133438439
2024-05-16,Store_1,Home & Furniture,North,640.0500942585187
2024-05-16,Store_2,Clothing,South,613.7001977323746
2024-05-17,Store_1,Clothing,East,764.5442165160023
2024-05-17,Store_1,Grocery,South,592.5940249834723
2024-05-17,Store_3,Grocery,North,749.8766715783547
2024-05-17,Store_1,Clothing,East,781.6439585317815
2024-05-18,Store_1,Home & Furniture,West,902.672909566342
2024-05-18,Store_3,Electronics,East,914.9929566319629
2024-05-19,Store_2,Grocery,North,779.2983851941633
2024-05-19,Store_2,Electronics,South,881.2483791108953
2024-05-19,Store_3,Home & Furniture,South,782.1301521603573
2024-05-19,Store_1,Home & Furniture,South,739.2039168206869
2024-05-20,Store_2,Home & Furniture,South,731.5994938942326
2024-05-20,Store_1,Home & Furniture,East,657.9860178533413
2024-05-20,Store_3,Electronics,South,666.1874866784564
2024-05-20,Store_2,Grocery,North,732.4681104100642
2024-05-21,Store_3,Grocery,North,473.0622498969602
2024-05-21,Store_2,Grocery,West,628.1066119536488
2024-05-21,Store_3,Home & Furniture,South,706.2438282767716
2024-05-22,Store_2,Clothing,North,551.8150458007656
2024-05-22,Store_2,Electronics,East,622.6225922348987
2024-05-23,Store_1,Electronics,West,613.9457845713036
2024-05-23,Store_2,Grocery,North,682.0669944031057
2024-05-23,Store_2,Electronics,West,566.5865988678482
2024-05-24,Store_1,Electronics,South,608.1409743654527
2024-05-24,Store_3,Grocery,West,569.0701217083626
2024-05-24,Store_3,Grocery,South,649.489730833421
2024-05-25,Store_1,Electronics,South,732.086124055856
2024-05-25,Store_3,Clothing,East,766.9599978352192
2024-05-25,Store_1,Clothing,East,731.7543656725469
2024-05-26,Store_2,Clothing,South,858.7088538151463
2024-05-26,Store_3,Electronics,East,709.681531555178
2024-05-26,Store_1,Electronics,East,776.7059350520593
2024-05-27,Store_3,Grocery,East,530.5959035074271
2024-05-27,Store_1,Clothing,North,602.0950193182003
2024-05-27,Store_2,Grocery,West,619.581590532407
2024-05-28,Store_2,Electronics,West,685.5779126469695
2024-05-28,Store_1,Clothing,East,497.3511425581276
2024-05-28,Store_3,Electronics,North,547.7644715160982
2024-05-28,Store_1,Grocery,West,572.1467236682656
2024-05-29,Store_2,Electronics,South,549.6048264601942
2024-05-29,Store_1,Electronics,West,635.2089917399059
2024-05-29,Store_2,Clothing,East,550.2850617322754
2024-05-30,Store_2,Electronics,North,613.1465329827397
2024-05-30,Store_1,Home & Furniture,North,715.9467496913776
2024-05-31,Store_1,Grocery,East,561.2541056883603
2024-05-31,Store_1,Electronics,West,574.1140774164362
2024-05-31,Store_1,Home & Furniture,West,572.803359218302
2024-05-31,Store_3,Home & Furniture,North,625.6720067470246
2024-06-01,Store_1,Grocery,North,707.4238180320995
2024-06-01,Store_3,Electronics,South,746.8647323507123
2024-06-01,Store_3,Clothing,East,854.7849584196948
2024-06-02,Store_1,Electronics,West,801.6343682468466
2024-06-02,Store_2,Home & Furniture,West,569.2146484529343
2024-06-02,Store_2,Home & Furniture,South,810.4047239571272
2024-06-03,Store_3,Electronics,South,573.6014817127993
2024-06-03,Store_1,Clothing,North,451.61614254984886
2024-06-03,Store_1,Electronics,East,517.4490891194307
2024-06-04,Store_2,Grocery,South,691.4223353828497
2024-06-04,Store_1,Home & Furniture,South,549.2959217260175
2024-06-04,Store_1,Home & Furniture,South,557.6646302425877
2024-06-04,Store_3,Clothing,South,522.7599680739635
2024-06-05,Store_1,Clothing,West,487.1424495889565
2024-06-05,Store_2,Grocery,South,698.9702865600904
2024-06-05,Store_1,Electronics,West,495.7500749947159
2024-06-05,Store_2,Clothing,West,583.7217125631978
2024-06-06,Store_2,Electronics,West,606.7658110511437
2024-06-06,Store_1,Clothing,West,499.7516496679573
2024-06-06,Store_3,Clothing,North,649.2510505439069
2024-06-06,Store_1,Grocery,South,630.2692594054982
2024-06-07,Store_2,Home & Furniture,West,568.8166994747664
2024-06-07,Store_1,Electronics,North,653.2091593501121
2024-06-08,Store_2,Grocery,North,908.409959889805
2024-06-08,Store_1,Clothing,South,878.7604481030323
2024-06-08,Store_3,Electronics,West,839.5632425448687
2024-06-09,Store_2,Grocery,East,638.5505745676168
2024-06-09,Store_3,Clothing,South,650.0387048128212
2024-06-10,Store_2,Grocery,North,425.24934882552157
2024-06-10,Store_1,Clothing,South,554.7259263898843
2024-06-10,Store_3,Clothing,West,621.3085854004053
2024-06-10,Store_1,Grocery,North,600.9142244108855
2024-06-11,Store_1,Clothing,North,506.0852441282491
2024-06-11,Store_2,Grocery,South,557.2305772135927
2024-06-11,Store_1,Grocery,North,654.8497459826132
2024-06-12,Store_3,Electronics,South,403.15988413763057
2024-06-12,Store_1,Electronics,South,666.6738950840256
2024-06-13,Store_2,Home & Furniture,North,608.7896051512927
2024-06-13,Store_2,Home & Furniture,East,590.078203222943
2024-06-13,Store_1,Home & Furniture,West,556.2159148198256
2024-06-13,Store_2,Clothing,East,660.8128001662537
2024-06-14,Store_1,Electronics,West,503.8933322089922
2024-06-14,Store_1,Home & Furniture,West,559.6359938926194
2024-06-15,Store_2,Electronics,West,870.176814617635
2024-06-15,Store_1,Grocery,East,812.3722100585652
2024-06-15,Store_3,Grocery,East,506.9911467201458
2024-06-16,Store_2,Grocery,South,585.0318468522545
2024-06-16,Store_3,Home & Furniture,East,714.4202660497983
2024-06-16,Store_2,Electronics,North,527.142386360558
2024-06-17,Store_1,Electronics,West,697.2069438045662
2024-06-17,Store_3,Grocery,East,601.2529271067581
2024-06-17,Store_3,Home & Furniture,South,488.34458344005316
2024-06-17,Store_3,Electronics,West,589.8741966067212
2024-06-18,Store_3,Electronics,North,427.4452829841639
2024-06-18,Store_2,Grocery,East,458.9321012344319
2024-06-18,Store_1,Electronics,South,564.0919230419803
2024-06-18,Store_3,Home & Furniture,South,562.9773638779031
2024-06-19,Store_3,Clothing,East,568.5661173127265
2024-06-19,Store_3,Home & Furniture,South,536.2016087232945
2024-06-19,Store_3,Home & Furniture,North,660.5117469582675
2024-06-19,Store_2,Home & Furniture,West,572.1885447922994
2024-06-20,Store_1,Electronics,West,479.46302817022405
2024-06-20,Store_1,Electronics,East,507.8303670452241
2024-06-20,Store_2,Electronics,East,534.2837761001355
2024-06-21,Store_3,Home & Furniture,East,393.0622263517064
2024-06-21,Store_1,Electronics,West,540.9951049369723
2024-06-21,Store_1,Grocery,North,517.9598770182503
2024-06-21,Store_2,Home & Furniture,West,409.0621956997753
2024-06-22,Store_1,Home & Furniture,South,746.8949489831933
2024-06-22,Store_3,Clothing,East,609.9685285556424
2024-06-22,Store_1,Electronics,West,723.0354655008462
2024-06-23,Store_1,Home & Furniture,West,551.4682511923884
2024-06-23,Store_1,Clothing,North,843.2348305145856
2024-06-23,Store_3,Grocery,East,654.6454021421363
2024-06-23,Store_1,Grocery,North,733.8823672179857
2024-06-24,Store_3,Grocery,East,595.0597763481462
2024-06-24,Store_1,Home & Furniture,South,397.48873838333066
2024-06-24,Store_2,Grocery,South,543.1978494750902
2024-06-24,Store_1,Grocery,North,560.7914676288424
2024-06-25,Store_3,Home & Furniture,North,530.4085214121267
2024-06-25,Store_3,Home & Furniture,North,512.1305153344116
2024-06-25,Store_2,Grocery,West,521.3454630770901
2024-06-25,Store_1,Home & Furniture,North,447.1271094705393
2024-06-26,Store_1,Clothing,West,415.45220920994757
2024-06-26,Store_3,Clothing,East,532.3425020834279
2024-06-27,Store_3,Clothing,South,529.1782077838978
2024-06-27,Store_1,Electronics,North,556.3539167006547
2024-06-27,Store_1,Electronics,East,535.2794732840738
2024-06-28,Store_3,Home & Furniture,East,501.6643963015005
2024-06-28,Store_1,Electronics,North,419.1596123623599
2024-06-28,Store_2,Clothing,West,601.6865153710122
2024-06-29,Store_2,Clothing,North,639.7287671388979
2024-06-29,Store_1,Grocery,East,780.0390311282408
2024-06-29,Store_1,Clothing,West,613.7167223128647
2024-06-29,Store_1,Clothing,North,660.0820006821468
2024-06-30,Store_1,Grocery,East,801.406024803675
2024-06-30,Store_1,Grocery,West,681.8522969031582
